,Unnamed: 0,ID,EPID,ELID,LOADID,DOI,title,year,journal,country,institution,laboratory,authors,Ltot,Lspan,Lcons,Lmeas,h,b,hc,thc,RH,Temp,pd,fcm,catfcm,tfcm,fctm,catfctm,tfctm,Ecm,catEcm,tEcm,mix,Es,fsr,fy,phi,zs,nbl,clat,phit,st,phiw,sw,type,method,fpk,fp01k,Ep,rel,fpr,npl,phip,Ap,zp,cplat,catf,epsin,catcal,selfw,typew,locw,epsc,Nrep,N,M,sigs,t0,t,PL,catp,t0p,tp,ncr,wm,wk,wmax,sm,smax,indLR,indNP,indtfcm,indtfctm,indtEcm,Ac,Astot,ts,sc,class_C,fcm28,Bcc,fck28,fcm_cube_150,fctm28,fctmfl28,fctmfl,fct095_28,fct095,fct095fl_28,fct095fl,fct005,fct005_28,fct005fl,Ecm28,phi_bc,phi_bc_prestress,phi_bc_prior_load,phi_dc,phi_dc_prestress,phi_dc_prior_load,phi_creep,phi_creep_prestress,phi_creep_prior_load,Ecm0,eps_cbs,eps_cbs_prestress,eps_cds,eps_cds_prestress,shrinkage,shrinkage_prestress,shrinkage_init,bondLR,bondPR,ae,ap,sxLR,sxNP,zstot,zstensinit,Astensinit,rhotot,rhotensinit,At,Aw,Aptot,zptot,zeta1,zeta,phi_peq,ry,cy,ry0,rx,ryp,cyp,cog,Izz,Wb,Wt,rho,qself,Mself,ep,Mp,pre_loss,initstrain,fctmorg,W_Ib,Ncr095,Mcr095,Ncr005,Mcr005,CS,Ncr,Mcr,tau_bms,tau_max,xcinit,epsinit,dpsigs,xc,eps,epsbot,sigssimpl,zstottens,zptottens,Astens,Actens,Aptens,Aceff_MC2020,Aseff_MC2020,Apeff_MC2020,phi_eq_MC2020,rhoeff_MC2020,hceff_MC2020,Aceff_FPR,Aseff_FPR,Apeff_FPR,phi_eq_FPR,rhoeff_FPR,hceff_FPR,sigssr,r,p,k1,srtemp,srlower
1083,4899,6215,23,BSTS2-16,2,https://doi.org/10.26190/unsworks/23066,Tension Stiffening in Reinforced Concrete - Instantaneous and time-dependent behaviour,2010,0,Australia,University of New South Wales,heavy Structure Laboratory,Mark Han Qing Wu,2650.0,2400.0,800.0,800.0,400.0,200,"[4,6]","[14,46]",65.0,"[0,0]",2,38.736842105263165,"[1,100x200,0]",[60],2.311404866196641,"[3,600x100x100,3]",[60],30369.911385560044,"[1,100x200,1]",[60],"[0,0,0,0,00.6,20,0,0,0]",204000.0,2,500.0,[16],[342],[2],[50],[0],[0],0.0,0.0,0,0,0.0,0.0,0.0,0,0,[0],[0],[0],[0],[0],2,2,0,2,3,1,220.0,1,0.0,31.386666666666667,249.0925839088377,60,1,0.0,0,0,0,0,0.068,0.0,0.1,0.0,0.0,0,-1,0,0,0,80000.0,402.1238596594935,14,0.5,CN,33.06106034051696,1.0,25.06106034051696,46.67089410272671,2.8338421876135467,3.546338165530257,2.8925475556874383,3.6839948438976102,3.004826326055634,4.610239615189335,3.004826326055634,1.9836895313294824,1.9836895313294824,2.48243671587118,30369.911385560044,0.0,1.910283405002231,1.910283405002231,0.0,1.608511082129019,1.608511082129019,0.0,3.5187944871312498,3.5187944871312498,30369.911385560044,-4.147296487165753e-05,-4.147296487165753e-05,-0.0001286142810733,-0.0001286142810733,-0.000170087245945,-0.000170087245945,-0.0002199999999999,1,0,6.717174686818339,0.0,84.0,0.0,342.0,342.0,402.1238596594935,0.0058790037961914,0.0058790037961914,0.0,0.0,0.0,0.0,0.0,0.0,0.0,58.0,50.0,342.0,58.0,0.0,0.0,203.9667517819824,1067925476.2426562,5447675.258918157,5235782.140533123,25.0,2.0,1.3866666666666665,0.0,0.0,0.0,-0.0002027975355349,2.8338421876135467,5671124.55165556,0.0,17.04074435115508,0.0,14.078207807308246,2,0.0,16.40399745989031,5.100915937704384,15.559732104309983,83.55249357527747,0.0003937371013446,0.0,84.97473913630668,0.0004036869049467,0.0014965809113471,0.0,342.0,0.0,402.1238596594935,16992.947827261334,0.0,27600.0,402.1238596594935,0.0,16.0,0.0145697050601265,138.0,27600.0,402.1238596594935,0.0,16.0,0.0145697050601265,138.0,171.85929405443378,0.0,0.0,0.0,1000.0,124.40478580701487
1084,4900,6216,23,BSTS2-16,3,https://doi.org/10.26190/unsworks/23066,Tension Stiffening in Reinforced Concrete - Instantaneous and time-dependent behaviour,2010,0,Australia,University of New South Wales,heavy Structure Laboratory,Mark Han Qing Wu,2650.0,2400.0,800.0,800.0,400.0,200,"[4,6]","[14,46]",65.0,"[0,0]",2,38.736842105263165,"[1,100x200,0]",[60],2.311404866196641,"[3,600x100x100,3]",[60],30369.911385560044,"[1,100x200,1]",[60],"[0,0,0,0,00.6,20,0,0,0]",204000.0,2,500.0,[16],[342],[2],[50],[0],[0],0.0,0.0,0,0,0.0,0.0,0.0,0,0,[0],[0],[0],[0],[0],2,2,0,2,3,1,220.0,1,0.0,41.38666666666666,328.7889001422766,60,1,0.0,0,0,0,0,0.103,0.0,0.125,0.0,0.0,0,-1,0,0,0,80000.0,402.1238596594935,14,0.5,CN,33.06106034051696,1.0,25.06106034051696,46.67089410272671,2.8338421876135467,3.546338165530257,2.8925475556874383,3.6839948438976102,3.004826326055634,4.610239615189335,3.004826326055634,1.9836895313294824,1.9836895313294824,2.48243671587118,30369.911385560044,0.0,1.910283405002231,1.910283405002231,0.0,1.608511082129019,1.608511082129019,0.0,3.5187944871312498,3.5187944871312498,30369.911385560044,-4.147296487165753e-05,-4.147296487165753e-05,-0.0001286142810733,-0.0001286142810733,-0.000170087245945,-0.000170087245945,-0.0002199999999999,1,0,6.717174686818339,0.0,84.0,0.0,342.0,342.0,402.1238596594935,0.0058790037961914,0.0058790037961914,0.0,0.0,0.0,0.0,0.0,0.0,0.0,58.0,50.0,342.0,58.0,0.0,0.0,203.9667517819824,1067925476.2426562,5447675.258918157,5235782.140533123,25.0,2.0,1.3866666666666665,0.0,0.0,0.0,-0.0002027975355349,2.8338421876135467,5671124.55165556,0.0,17.04074435115508,0.0,14.078207807308246,2,0.0,16.40399745989031,5.100915937704384,15.559732104309983,83.55249357527747,0.0005191843511358,0.0,85.55331293868096,0.0005376835115278,0.0019762273730837,0.0,342.0,0.0,402.1238596594935,17108.662587736195,0.0,27600.0,402.1238596594935,0.0,16.0,0.0145697050601265,138.0,27600.0,402.1238596594935,0.0,16.0,0.0145697050601265,138.0,171.85929405443378,0.0,0.0,0.0,1000.0,124.40478580701487
1085,4903,6219,23,BSTS3-16,2,https://doi.org/10.26190/unsworks/23066,Tension Stiffening in Reinforced Concrete - Instantaneous and time-dependent behaviour,2010,0,Australia,University of New South Wales,heavy Structure Laboratory,Mark Han Qing Wu,2650.0,2400.0,800.0,800.0,400.0,200,"[4,6]","[14,46]",65.0,"[0,0]",2,38.736842105263165,"[1,100x200,0]",[60],2.0796716418825523,"[3,600x100x100,3]",[60],30369.911385560044,"[1,100x200,1]",[60],"[0,0,0,0,00.6,20,0,0,0]",204000.0,2,500.0,[16],[342],[3],[50],[0],[0],0.0,0.0,0,0,0.0,0.0,0.0,0,0,[0],[0],[0],[0],[0],2,2,0,2,3,1,220.0,1,0.0,41.38666666666666,222.8746642367984,60,1,0.0,0,0,0,0,0.058,0.0,0.075,0.0,0.0,0,-1,0,0,0,80000.0,603.1857894892403,14,0.5,CN,33.06106034051696,1.0,25.06106034051696,46.67089410272671,2.8338421876135467,3.546338165530257,2.6025510339338744,3.6839948438976102,2.703573134447318,4.610239615189335,2.703573134447318,1.9836895313294824,1.9836895313294824,2.48243671587118,30369.911385560044,0.0,1.910283405002231,1.910283405002231,0.0,1.608511082129019,1.608511082129019,0.0,3.5187944871312498,3.5187944871312498,30369.911385560044,-4.147296487165753e-05,-4.147296487165753e-05,-0.0001286142810733,-0.0001286142810733,-0.000170087245945,-0.000170087245945,-0.0002199999999999,1,0,6.717174686818339,0.0,42.0,0.0,342.0,342.0,603.1857894892403,0.0088185056942871,0.0088185056942871,0.0,0.0,0.0,0.0,0.0,0.0,0.0,58.0,50.0,342.0,58.0,0.0,0.0,205.86816446227752,1069421494.9991736,5508738.389234312,5194690.970274475,25.0,2.0,1.3866666666666665,0.0,0.0,0.0,-0.0001951671799052,2.8338421876135467,5837934.884914422,0.0,15.783283915507427,0.0,14.492303903176754,2,0.0,15.193523470772664,5.100915937704384,15.559732104309983,99.18701604614134,0.0004447246938329,0.0,101.0815346662848,0.0004583869799628,0.0013555426619888,0.0,342.0,0.0,603.1857894892403,20214.306933256965,0.0,27600.0,603.1857894892403,0.0,16.0,0.0218545575901898,138.0,27600.0,603.1857894892403,0.0,16.0,0.0218545575901898,138.0,107.04947733928812,0.0,0.0,0.0,1000.0,74.62160320505019
1086,4904,6220,23,BSTS3-16,3,https://doi.org/10.26190/unsworks/23066,Tension Stiffening in Reinforced Concrete - Instantaneous and time-dependent behaviour,2010,0,Australia,University of New South Wales,heavy Structure Laboratory,Mark Han Qing Wu,2650.0,2400.0,800.0,800.0,400.0,200,"[4,6]","[14,46]",65.0,"[0,0]",2,38.736842105263165,"[1,100x200,0]",[60],2.0796716418825523,"[3,600x100x100,3]",[60],30369.911385560044,"[1,100x200,1]",[60],"[0,0,0,0,00.6,20,0,0,0]",204000.0,2,500.0,[16],[342],[3],[50],[0],[0],0.0,0.0,0,0,0.0,0.0,0.0,0,0,[0],[0],[0],[0],[0],2,2,0,2,3,1,220.0,1,0.0,49.38666666666666,266.1794413816605,60,1,0.0,0,0,0,0,0.085,0.0,0.125,0.0,0.0,0,-1,0,0,0,80000.0,603.1857894892403,14,0.5,CN,33.06106034051696,1.0,25.06106034051696,46.67089410272671,2.8338421876135467,3.546338165530257,2.6025510339338744,3.6839948438976102,2.703573134447318,4.610239615189335,2.703573134447318,1.9836895313294824,1.9836895313294824,2.48243671587118,30369.911385560044,0.0,1.910283405002231,1.910283405002231,0.0,1.608511082129019,1.608511082129019,0.0,3.5187944871312498,3.5187944871312498,30369.911385560044,-4.147296487165753e-05,-4.147296487165753e-05,-0.0001286142810733,-0.0001286142810733,-0.000170087245945,-0.000170087245945,-0.0002199999999999,1,0,6.717174686818339,0.0,42.0,0.0,342.0,342.0,603.1857894892403,0.0088185056942871,0.0088185056942871,0.0,0.0,0.0,0.0,0.0,0.0,0.0,58.0,50.0,342.0,58.0,0.0,0.0,205.86816446227752,1069421494.9991736,5508738.389234312,5194690.970274475,25.0,2.0,1.3866666666666665,0.0,0.0,0.0,-0.0001951671799052,2.8338421876135467,5837934.884914422,0.0,15.783283915507427,0.0,14.492303903176754,2,0.0,15.193523470772664,5.100915937704384,15.559732104309983,99.18701604614134,0.0005306895186717,0.0,101.5431061478928,0.0005510075545327,0.0016195289808779,0.0,342.0,0.0,603.1857894892403,20306.62122957856,0.0,27600.0,603.1857894892403,0.0,16.0,0.0218545575901898,138.0,27600.0,603.1857894892403,0.0,16.0,0.0218545575901898,138.0,107.04947733928812,0.0,0.0,0.0,1000.0,74.62160320505019
1087,4905,6221,23,BSTS3-16,4,https://doi.org/10.26190/unsworks/23066,Tension Stiffening in Reinforced Concrete - Instantaneous and time-dependent behaviour,2010,0,Australia,University of New South Wales,heavy Structure Laboratory,Mark Han Qing Wu,2650.0,2400.0,800.0,800.0,400.0,200,"[4,6]","[14,46]",65.0,"[0,0]",2,38.736842105263165,"[1,100x200,0]",[60],2.0796716418825523,"[3,600x100x100,3]",[60],30369.911385560044,"[1,100x200,1]",[60],"[0,0,0,0,00.6,20,0,0,0]",204000.0,2,500.0,[16],[342],[3],[50],[0],[0],0.0,0.0,0,0,0.0,0.0,0.0,0,0,[0],[0],[0],[0],[0],2,2,0,2,3,1,220.0,1,0.0,61.38666666666666,331.3017177657106,60,1,0.0,0,0,0,5,0.14,0.0,0.175,133.3,162.0,0,-1,0,0,0,80000.0,603.1857894892403,14,0.5,CN,33.06106034051696,1.0,25.06106034051696,46.67089410272671,2.8338421876135467,3.546338165530257,2.6025510339338744,3.6839948438976102,2.703573134447318,4.610239615189335,2.703573134447318,1.9836895313294824,1.9836895313294824,2.48243671587118,30369.911385560044,0.0,1.910283405002231,1.910283405002231,0.0,1.608511082129019,1.608511082129019,0.0,3.5187944871312498,3.5187944871312498,30369.911385560044,-4.147296487165753e-05,-4.147296487165753e-05,-0.0001286142810733,-0.0001286142810733,-0.000170087245945,-0.000170087245945,-0.0002199999999999,1,0,6.717174686818339,0.0,42.0,0.0,342.0,342.0,603.1857894892403,0.0088185056942871,0.0088185056942871,0.0,0.0,0.0,0.0,0.0,0.0,0.0,58.0,50.0,342.0,58.0,0.0,0.0,205.86816446227752,1069421494.9991736,5508738.389234312,5194690.970274475,25.0,2.0,1.3866666666666665,0.0,0.0,0.0,-0.0001951671799052,2.8338421876135467,5837934.884914422,0.0,15.783283915507427,0.0,14.492303903176754,2,0.0,15.193523470772664,5.100915937704384,15.559732104309983,99.18701604614134,0.00065963675593,0.0,102.2741206259132,0.0006928581882612,0.0020169502521183,0.0,342.0,0.0,603.1857894892403,20452.824125182644,0.0,27600.0,603.1857894892403,0.0,16.0,0.0218545575901898,138.0,27600.0,603.1857894892403,0.0,16.0,0.0218545575901898,138.0,107.04947733928812,0.0,0.0,0.0,1000.0,74.62160320505019
1092,4920,6236,23,SSTS4-12,1,https://doi.org/10.26190/unsworks/23066,Tension Stiffening in Reinforced Concrete - Instantaneous and time-dependent behaviour,2010,0,Australia,University of New South Wales,heavy Structure Laboratory,Mark Han Qing Wu,2650.0,2400.0,800.0,800.0,140.0,800,[4],"[14,45]",65.0,"[0,0]",2,31.57052631578948,"[1,100x200,0]",[59],1.4411481949433036,"[3,600x100x100,3]",[59],27548.92456318521,"[1,100x200,1]",[59],"[0,0,0,0,00.6,20,0,0,0]",200000.0,2,500.0,[12],[114],[4],[94],[0],[0],0.0,0.0,0,0,0.0,0.0,0.0,0,0,[0],[0],[0],[0],[0],2,2,0,2,3,1,320.0,1,0.0,13.941333333333333,294.34593170578387,59,1,0.0,0,0,0,0,0.096,0.0,0.125,0.0,0.0,0,-1,0,0,0,112000.0,452.3893421169302,14,0.5,CN,27.022543328628053,1.0,19.022543328628053,38.03677869372227,1.9720470001969823,3.0059418834289557,2.1967061226103644,2.563661100256077,1.8734926534262948,3.907724448457642,1.8734926534262948,1.3804329001378874,1.3804329001378874,2.1041593184002685,27548.92456318521,0.0,2.1969318808018827,2.1969318808018827,0.0,2.211189687836003,2.211189687836003,0.0,4.408121568637886,4.408121568637886,27548.92456318521,-2.9518761022598767e-05,-2.9518761022598767e-05,-0.0001526192923428,-0.0001526192923428,-0.0001821380533654,-0.0001821380533654,-0.0003199999999999,1,0,7.25981152336046,0.0,200.0,0.0,114.0,114.0,452.3893421169302,0.0049604094530365,0.0049604094530365,0.0,0.0,0.0,0.0,0.0,0.0,0.0,26.0,20.0,114.0,100.0,0.0,0.0,71.08508523419539,183065203.24946615,2656394.539144125,2575296.950778683,25.0,2.8,1.941333333333333,0.0,0.0,0.0,-0.0003007288736794,1.9720470001969823,2732073.804448394,0.0,5.118520201252494,0.0,5.748718554187361,2,0.0,6.001563253655179,3.5496846003545683,14.046913877207484,26.763236510552133,0.0004498683425573,0.0,27.44535533973134,0.0004666663886252,0.0019138199850728,0.0,114.0,0.0,452.3893421169302,21948.28427178508,0.0,41280.0,452.3893421169302,0.0,12.0,0.0109590441404295,86.0,33600.0,452.3893421169302,0.0,12.0,0.0134639685153848,70.0,140.52440854407135,0.0,0.0,0.0,1000.0,111.13924807856984
1093,4923,6239,23,STN12,1,https://doi.org/10.26190/unsworks/23066,Tension Stiffening in Reinforced Concrete - Instantaneous and time-dependent behaviour,2010,0,Australia,University of New South Wales,heavy Structure Laboratory,Mark Han Qing Wu,1100.0,1100.0,600.0,600.0,100.0,100,[3],[32],65.0,[0],2,20.87915789473684,"[1,100x200,0]",[32],1.9825308833821,"[1,100x200,2]",[32],22162.55883409321,"[1,100x200,1]",[32],"[0,0,0,0,00.6,20,0,0,0]",200000.0,2,500.0,[12],[50],[1],[44],[0],[0],0.0,0.0,0,0,0.0,0.0,0.0,0,0,[0],[0],[0],[0],[0],2,1a,0,2,3,2,28.0,1,17.86937901361874,0.0,158.0,32,1,0.0,0,0,0,1,0.075,0.0,0.075,0.0,0.0,0,-1,0,0,0,10000.0,113.09733552923257,32,0.5,CN,20.2156812922212,1.0,12.215681292221202,25.15561192136969,2.000854044904731,3.3284446157506355,3.2979638175790558,2.6011102583761505,2.5772901483967297,4.326978000475826,2.5772901483967297,1.3007530331928934,1.4005978314333116,2.163818215915064,22162.55883409321,0.0,2.5575567156481287,2.5575567156481287,0.0,4.172764124512616,4.172764124512616,0.0,6.730320840160745,6.730320840160745,22162.55883409321,-1.5118960763565885e-05,-1.5118960763565885e-05,-0.0,-0.0,-1.5118960763565885e-05,-1.5118960763565885e-05,-2.8e-05,1,0,9.024228722738236,0.0,100.0,0.0,50.0,0.0,0.0,0.0113097335529232,0.0113097335529232,0.0,0.0,0.0,0.0,0.0,0.0,0.0,50.0,44.0,50.0,50.0,0.0,0.0,50.00000000000001,8333333.333333336,166666.66666666674,166666.6666666667,25.0,0.25,0.0,0.0,0.0,0.0,-2.5406927735731757e-05,2.04,166666.66666666674,28.11184097405765,0.0,14.187988278459423,0.0,1,21.624493056967417,0.0,3.672,11.423429294310235,0.0,0.0,0.0,0.0,0.0,0.0,0.0,50.0,0.0,113.09733552923257,-1.0000000000005116,0.0,10000.0,113.09733552923257,0.0,12.0,0.0113097335529232,100.0,10000.0,113.09733552923257,0.0,12.0,0.0113097335529232,100.0,191.2024978818187,0.0,0.0,0.0,1000.0,143.21422926770293
1094,4925,6241,23,STN12,3,https://doi.org/10.26190/unsworks/23066,Tension Stiffening in Reinforced Concrete - Instantaneous and time-dependent behaviour,2010,0,Australia,University of New South Wales,heavy Structure Laboratory,Mark Han Qing Wu,1100.0,1100.0,600.0,600.0,100.0,100,[3],[32],65.0,[0],2,20.87915789473684,"[1,100x200,0]",[32],1.9825308833821,"[1,100x200,2]",[32],22162.55883409321,"[1,100x200,1]",[32],"[0,0,0,0,00.6,20,0,0,0]",200000.0,2,500.0,[12],[50],[1],[44],[0],[0],0.0,0.0,0,0,0.0,0.0,0.0,0,0,[0],[0],[0],[0],[0],2,1a,0,2,3,2,28.0,1,19.56583904655723,0.0,173.0,32,1,0.0,0,0,0,3,0.092,0.0,0.125,247.5,320.0,0,-1,0,0,0,10000.0,113.09733552923257,32,0.5,CN,20.2156812922212,1.0,12.215681292221202,25.15561192136969,2.000854044904731,3.3284446157506355,3.2979638175790558,2.6011102583761505,2.5772901483967297,4.326978000475826,2.5772901483967297,1.3007530331928934,1.4005978314333116,2.163818215915064,22162.55883409321,0.0,2.5575567156481287,2.5575567156481287,0.0,4.172764124512616,4.172764124512616,0.0,6.730320840160745,6.730320840160745,22162.55883409321,-1.5118960763565885e-05,-1.5118960763565885e-05,-0.0,-0.0,-1.5118960763565885e-05,-1.5118960763565885e-05,-2.8e-05,1,0,9.024228722738236,0.0,100.0,0.0,50.0,0.0,0.0,0.0113097335529232,0.0113097335529232,0.0,0.0,0.0,0.0,0.0,0.0,0.0,50.0,44.0,50.0,50.0,0.0,0.0,50.00000000000001,8333333.333333336,166666.66666666674,166666.6666666667,25.0,0.25,0.0,0.0,0.0,0.0,-2.5406927735731757e-05,2.04,166666.66666666674,28.11184097405765,0.0,14.187988278459423,0.0,1,21.624493056967417,0.0,3.672,11.423429294310235,0.0,0.0,0.0,0.0,0.0,0.0,0.0,50.0,0.0,113.09733552923257,-1.0000000000005116,0.0,10000.0,113.09733552923257,0.0,12.0,0.0113097335529232,100.0,10000.0,113.09733552923257,0.0,12.0,0.0113097335529232,100.0,191.2024978818187,0.0,0.0,0.0,1000.0,143.21422926770293
1095,4926,6242,23,STN12,4,https://doi.org/10.26190/unsworks/23066,Tension Stiffening in Reinforced Concrete - Instantaneous and time-dependent behaviour,2010,0,Australia,University of New South Wales,heavy Structure Laboratory,Mark Han Qing Wu,1100.0,1100.0,600.0,600.0,100.0,100,[3],[32],65.0,[0],2,20.87915789473684,"[1,100x200,0]",[32],1.9825308833821,"[1,100x200,2]",[32],22162.55883409321,"[1,100x200,1]",[32],"[0,0,0,0,00.6,20,0,0,0]",200000.0,2,500.0,[12],[50],[1],[44],[0],[0],0.0,0.0,0,0,0.0,0.0,0.0,0,0,[0],[0],[0],[0],[0],2,1a,0,2,3,2,28.0,1,23.976635132197305,0.0,212.0,32,1,0.0,0,0,0,4,0.125,0.0,0.25,228.0,320.0,0,-1,0,0,0,10000.0,113.09733552923257,32,0.5,CN,20.2156812922212,1.0,12.215681292221202,25.15561192136969,2.000854044904731,3.3284446157506355,3.2979638175790558,2.6011102583761505,2.5772901483967297,4.326978000475826,2.5772901483967297,1.3007530331928934,1.4005978314333116,2.163818215915064,22162.55883409321,0.0,2.5575567156481287,2.5575567156481287,0.0,4.172764124512616,4.172764124512616,0.0,6.730320840160745,6.730320840160745,22162.55883409321,-1.5118960763565885e-05,-1.5118960763565885e-05,-0.0,-0.0,-1.5118960763565885e-05,-1.5118960763565885e-05,-2.8e-05,1,0,9.024228722738236,0.0,100.0,0.0,50.0,0.0,0.0,0.0113097335529232,0.0113097335529232,0.0,0.0,0.0,0.0,0.0,0.0,0.0,50.0,44.0,50.0,50.0,0.0,0.0,50.00000000000001,8333333.333333336,166666.66666666674,166666.6666666667,25.0,0.25,0.0,0.0,0.0,0.0,-2.5406927735731757e-05,2.04,166666.66666666674,28.11184097405765,0.0,14.187988278459423,0.0,1,21.624493056967417,0.0,3.672,11.423429294310235,0.0,0.0,0.0,0.0,0.0,0.0,0.0,50.0,0.0,113.09733552923257,-1.0000000000005116,0.0,10000.0,113.09733552923257,0.0,12.0,0.0113097335529232,100.0,10000.0,113.09733552923257,0.0,12.0,0.0113097335529232,100.0,191.2024978818187,0.0,0.0,0.0,1000.0,143.21422926770293
1096,4927,6243,23,STN12,5,https://doi.org/10.26190/unsworks/23066,Tension Stiffening in Reinforced Concrete - Instantaneous and time-dependent behaviour,2010,0,Australia,University of New South Wales,heavy Structure Laboratory,Mark Han Qing Wu,1100.0,1100.0,600.0,600.0,100.0,100,[3],[32],65.0,[0],2,20.87915789473684,"[1,100x200,0]",[32],1.9825308833821,"[1,100x200,2]",[32],22162.55883409321,"[1,100x200,1]",[32],"[0,0,0,0,00.6,20,0,0,0]",200000.0,2,500.0,[12],[50],[1],[44],[0],[0],0.0,0.0,0,0,0.0,0.0,0.0,0,0,[0],[0],[0],[0],[0],2,1a,0,2,3,2,28.0,1,38.2268994088806,0.0,337.99999999999994,32,1,0.0,0,0,0,5,0.15,0.0,0.3,195.0,320.0,0,-1,0,0,0,10000.0,113.09733552923257,32,0.5,CN,20.2156812922212,1.0,12.215681292221202,25.15561192136969,2.000854044904731,3.3284446157506355,3.2979638175790558,2.6011102583761505,2.5772901483967297,4.326978000475826,2.5772901483967297,1.3007530331928934,1.4005978314333116,2.163818215915064,22162.55883409321,0.0,2.5575567156481287,2.5575567156481287,0.0,4.172764124512616,4.172764124512616,0.0,6.730320840160745,6.730320840160745,22162.55883409321,-1.5118960763565885e-05,-1.5118960763565885e-05,-0.0,-0.0,-1.5118960763565885e-05,-1.5118960763565885e-05,-2.8e-05,1,0,9.024228722738236,0.0,100.0,0.0,50.0,0.0,0.0,0.0113097335529232,0.0113097335529232,0.0,0.0,0.0,0.0,0.0,0.0,0.0,50.0,44.0,50.0,50.0,0.0,0.0,50.00000000000001,8333333.333333336,166666.66666666674,166666.6666666667,25.0,0.25,0.0,0.0,0.0,0.0,-2.5406927735731757e-05,2.04,166666.66666666674,28.11184097405765,0.0,14.187988278459423,0.0,2,21.624493056967417,0.0,3.672,11.423429294310235,0.0,0.0,0.0,0.0,0.0,0.0,0.0,50.0,0.0,113.09733552923257,-1.0000000000005116,0.0,10000.0,113.09733552923257,0.0,12.0,0.0113097335529232,100.0,10000.0,113.09733552923257,0.0,12.0,0.0113097335529232,100.0,191.2024978818187,0.0,0.0,0.0,1000.0,143.21422926770293
1097,4933,6249,23,STN16,4,https://doi.org/10.26190/unsworks/23066,Tension Stiffening in Reinforced Concrete - Instantaneous and time-dependent behaviour,2010,0,Australia,University of New South Wales,heavy Structure Laboratory,Mark Han Qing Wu,1100.0,1100.0,600.0,600.0,100.0,100,[3],[32],65.0,[0],2,20.87915789473684,"[1,100x200,0]",[32],1.943088926807074,"[1,100x200,2]",[32],22162.55883409321,"[1,100x200,1]",[32],"[0,0,0,0,00.6,20,0,0,0]",204000.0,2,500.0,[16],[50],[1],[42],[0],[0],0.0,0.0,0,0,0.0,0.0,0.0,0,0,[0],[0],[0],[0],[0],2,1a,0,2,3,2,28.0,1,39.408138246630365,0.0,196.0,32,1,0.0,0,0,0,4,0.131,0.0,0.25,182.0,240.0,0,-1,0,0,0,10000.0,201.0619298297468,32,0.5,CN,20.2156812922212,1.0,12.215681292221202,25.15561192136969,2.000854044904731,3.3284446157506355,3.2323516514487336,2.6011102583761505,2.526015604849196,4.326978000475826,2.526015604849196,1.3007530331928934,1.4005978314333116,2.163818215915064,22162.55883409321,0.0,2.5575567156481287,2.5575567156481287,0.0,4.172764124512616,4.172764124512616,0.0,6.730320840160745,6.730320840160745,22162.55883409321,-1.5118960763565885e-05,-1.5118960763565885e-05,-0.0,-0.0,-1.5118960763565885e-05,-1.5118960763565885e-05,-2.8e-05,1,0,9.204713297193,0.0,100.0,0.0,50.0,0.0,0.0,0.0201061929829746,0.0201061929829746,0.0,0.0,0.0,0.0,0.0,0.0,0.0,50.0,42.0,50.0,50.0,0.0,0.0,49.99999999999999,8333333.333333336,166666.6666666667,166666.66666666674,25.0,0.25,0.0,0.0,0.0,0.0,-2.362726154870505e-05,2.04,166666.6666666667,29.42721155692068,0.0,15.153324713272596,0.0,2,22.63631658224668,0.0,3.672,11.423429294310235,0.0,0.0,0.0,0.0,0.0,0.0,0.0,50.0,0.0,201.0619298297468,-1.0000000000005116,0.0,10000.0,201.0619298297468,0.0,16.0,0.0201061929829746,100.0,10000.0,201.0619298297468,0.0,16.0,0.0201061929829746,100.0,112.58380242054992,0.0,0.0,0.0,1000.0,105.27376346965951
1098,4934,6250,23,STN16,5,https://doi.org/10.26190/unsworks/23066,Tension Stiffening in Reinforced Concrete - Instantaneous and time-dependent behaviour,2010,0,Australia,University of New South Wales,heavy Structure Laboratory,Mark Han Qing Wu,1100.0,1100.0,600.0,600.0,100.0,100,[3],[32],65.0,[0],2,20.87915789473684,"[1,100x200,0]",[32],1.943088926807074,"[1,100x200,2]",[32],22162.55883409321,"[1,100x200,1]",[32],"[0,0,0,0,00.6,20,0,0,0]",204000.0,2,500.0,[16],[50],[1],[42],[0],[0],0.0,0.0,0,0,0.0,0.0,0.0,0,0,[0],[0],[0],[0],[0],2,1a,0,2,3,2,28.0,1,60.11751701909428,0.0,299.0,32,1,0.0,0,0,0,5,0.16,0.0,0.325,165.0,240.0,0,-1,0,0,0,10000.0,201.0619298297468,32,0.5,CN,20.2156812922212,1.0,12.215681292221202,25.15561192136969,2.000854044904731,3.3284446157506355,3.2323516514487336,2.6011102583761505,2.526015604849196,4.326978000475826,2.526015604849196,1.3007530331928934,1.4005978314333116,2.163818215915064,22162.55883409321,0.0,2.5575567156481287,2.5575567156481287,0.0,4.172764124512616,4.172764124512616,0.0,6.730320840160745,6.730320840160745,22162.55883409321,-1.5118960763565885e-05,-1.5118960763565885e-05,-0.0,-0.0,-1.5118960763565885e-05,-1.5118960763565885e-05,-2.8e-05,1,0,9.204713297193,0.0,100.0,0.0,50.0,0.0,0.0,0.0201061929829746,0.0201061929829746,0.0,0.0,0.0,0.0,0.0,0.0,0.0,50.0,42.0,50.0,50.0,0.0,0.0,49.99999999999999,8333333.333333336,166666.6666666667,166666.66666666674,25.0,0.25,0.0,0.0,0.0,0.0,-2.362726154870505e-05,2.04,166666.6666666667,29.42721155692068,0.0,15.153324713272596,0.0,2,22.63631658224668,0.0,3.672,11.423429294310235,0.0,0.0,0.0,0.0,0.0,0.0,0.0,50.0,0.0,201.0619298297468,-1.0000000000005116,0.0,10000.0,201.0619298297468,0.0,16.0,0.0201061929829746,100.0,10000.0,201.0619298297468,0.0,16.0,0.0201061929829746,100.0,112.58380242054992,0.0,0.0,0.0,1000.0,105.27376346965951
1099,4942,6258,23,STS12,5,https://doi.org/10.26190/unsworks/23066,Tension Stiffening in Reinforced Concrete - Instantaneous and time-dependent behaviour,2010,0,Australia,University of New South Wales,heavy Structure Laboratory,Mark Han Qing Wu,1100.0,1100.0,600.0,600.0,100.0,100,"[3,6]","[32,25]",65.0,"[0,0]",2,23.94905263157895,"[1,100x200,0]",[57],1.642598517781118,"[1,100x200,2]",[57],20559.80509976145,"[1,100x200,1]",[57],"[0,0,0,0,00.6,20,0,0,0]",200000.0,2,500.0,[12],[50],[1],[44],[0],[0],0.0,0.0,0,0,0.0,0.0,0.0,0,0,[0],[0],[0],[0],[0],2,1a,0,2,3,2,249.0,1,29.970793915246627,0.0,265.0,57,1,0.0,0,0,0,5,0.195,0.0,0.35,178.0,245.0,0,-1,0,0,0,10000.0,113.09733552923257,32,0.5,CN,20.6221778018214,1.0,12.6221778018214,28.854280279010787,1.9654688853492603,3.269580979944811,2.732482264896467,2.5551095509540387,2.135378073115453,4.250455273928255,2.135378073115453,1.370891677139569,1.3758282197444822,2.280494688341856,20559.80509976145,0.0,2.647086743411013,2.647086743411013,0.0,4.36505945907674,4.36505945907674,0.0,7.012146202487752,7.012146202487752,20559.80509976145,-1.8046027243315293e-05,-1.8046027243315293e-05,-0.0002689065291801,-0.0002689065291801,-0.0002869525564234,-0.0002869525564234,-0.000249,1,0,9.72771867386625,0.0,100.0,0.0,50.0,0.0,0.0,0.0113097335529232,0.0113097335529232,0.0,0.0,0.0,0.0,0.0,0.0,0.0,50.0,44.0,50.0,50.0,0.0,0.0,50.00000000000001,8333333.333333336,166666.66666666674,166666.6666666667,25.0,0.25,0.0,0.0,0.0,0.0,-0.0002243207056313,2.15,166666.66666666674,23.46157340792487,0.0,15.062098895957083,0.0,2,18.04736415994221,0.0,3.87,12.23444232269573,0.0,0.0,0.0,0.0,0.0,0.0,0.0,50.0,0.0,113.09733552923257,-1.0000000000005116,0.0,10000.0,113.09733552923257,0.0,12.0,0.0113097335529232,100.0,10000.0,113.09733552923257,0.0,12.0,0.0113097335529232,100.0,159.57373421301745,0.0,0.0,0.0,1000.0,112.58728407419704
1100,4951,6267,23,STS16,7,https://doi.org/10.26190/unsworks/23066,Tension Stiffening in Reinforced Concrete - Instantaneous and time-dependent behaviour,2010,0,Australia,University of New South Wales,heavy Structure Laboratory,Mark Han Qing Wu,1100.0,1100.0,600.0,600.0,100.0,100,"[3,6]","[32,25]",65.0,"[0,0]",2,23.94905263157895,"[1,100x200,0]",[57],1.2985494674416935,"[1,100x200,2]",[57],20559.80509976145,"[1,100x200,1]",[57],"[0,0,0,0,00.6,20,0,0,0]",204000.0,2,500.0,[16],[50],[1],[42],[0],[0],0.0,0.0,0,0,0.0,0.0,0.0,0,0,[0],[0],[0],[0],[0],2,1a,0,2,3,2,249.0,1,50.06442052760694,0.0,249.0,57,1,0.0,0,0,0,6,0.167,0.0,0.325,125.0,145.0,0,-1,0,0,0,10000.0,201.0619298297468,32,0.5,CN,20.6221778018214,1.0,12.6221778018214,28.854280279010787,1.9654688853492603,3.269580979944811,2.160152557953299,2.5551095509540387,1.6881143076742016,4.250455273928255,1.6881143076742016,1.370891677139569,1.3758282197444822,2.280494688341856,20559.80509976145,0.0,2.647086743411013,2.647086743411013,0.0,4.36505945907674,4.36505945907674,0.0,7.012146202487752,7.012146202487752,20559.80509976145,-1.8046027243315293e-05,-1.8046027243315293e-05,-0.0002689065291801,-0.0002689065291801,-0.0002869525564234,-0.0002869525564234,-0.000249,1,0,9.922273047343577,0.0,100.0,0.0,50.0,0.0,0.0,0.0201061929829746,0.0201061929829746,0.0,0.0,0.0,0.0,0.0,0.0,0.0,50.0,42.0,50.0,50.0,0.0,0.0,50.00000000000001,8333333.333333336,166666.66666666674,166666.6666666667,25.0,0.25,0.0,0.0,0.0,0.0,-0.0002075866437727,2.15,166666.66666666674,19.9095010269189,0.0,16.168199706457553,0.0,2,15.315000789937615,0.0,3.87,12.23444232269573,0.0,0.0,0.0,0.0,0.0,0.0,0.0,50.0,0.0,201.0619298297468,-1.0000000000005116,0.0,10000.0,201.0619298297468,0.0,16.0,0.0201061929829746,100.0,10000.0,201.0619298297468,0.0,16.0,0.0201061929829746,100.0,76.17056497421417,0.0,0.0,0.0,1000.0,66.75405897696825
1101,4956,6272,24,12-20-00,3,10.1002/suco.201200016,"Cracking of RC members revisited: influence of cover, ⌀/ρs,ef and stirrup spacing - an experimental and theoretical study",2013,Structural Concrete,Spain,Polytechnic University of Madrid,Structures Laboratory,"Alejandro Pérez Caldentey, Hugo Corres Peiretti, Joan Peset Iribarren, Alejandro Giraldo Soto",5220.0,3420.0,3420.0,3420.0,450.0,350,"[3,0]","[3,33]",65.0,[0],2,22.327,"2,150x150x150,1]","[7,28]",1.5637532887595522,"[0,0,0]",[0],28100.577852505627,"[0,0,0]",[0],"[1,3,0,0,0.55,0,0,Plastifier MPOZZOLITH 472N,0]",200000.0,2,500.0,[12],[412],[4],[32],[0],[0],0.0,0.0,0,0,0.0,0.0,0.0,0,0,[0],[0],[0],[0],[0],1,2,1,2,2,1,124.0,1,0.0,33.66211875,193.62669534152332,28,1,0.0,0,0,0,7,0.059,0.0,0.101,0.0,0.0,0,-1,1,-1,-1,157500.0,452.3893421169302,3,0.3,CR,22.327,1.0,14.326999999999998,26.9,1.769666495625081,2.1793905094750547,1.925803017183297,2.3005664443126053,2.032879275387418,2.8332076623175717,2.032879275387418,1.2387665469375566,1.2387665469375566,1.5255733566325382,28100.577852505627,0.0,2.358423257134569,2.358423257134569,0.0,2.141746456197676,2.141746456197676,0.0,4.5001697133322445,4.5001697133322445,28100.577852505627,-1.500564400294928e-05,-1.500564400294928e-05,-0.0001000762578051,-0.0001000762578051,-0.0001150819018081,-0.0001150819018081,-0.000124,1,0,7.117291361400482,0.0,91.33333333333331,0.0,412.0,412.0,452.3893421169302,0.0031372353822255,0.0031372353822255,0.0,0.0,0.0,0.0,0.0,0.0,0.0,38.0,32.0,412.0,38.0,0.0,0.0,228.22899931529452,2659454663.7610626,11991895.49377577,11652571.197085569,25.0,3.9375,-3.837881250000001,0.0,0.0,0.0,-0.0001166722785578,1.769666495625081,12413320.920382936,0.0,25.234782837779544,0.0,18.937431663465507,2,0.0,23.905610881738,3.185399692125146,11.81286375101313,78.35017667894722,0.0002264082318562,0.0,81.75166736656298,0.0002396576095422,0.0010795316836918,0.0,412.0,0.0,452.3893421169302,28609.583578297043,0.0,34300.0,452.3893421169302,0.0,12.0,0.0131891936477239,98.0,34300.0,452.3893421169302,0.0,12.0,0.0131891936477239,98.0,128.12915605278167,0.0,0.0,0.0,1000.0,111.66249107878036
1102,4957,6273,24,12-20-00,4,10.1002/suco.201200016,"Cracking of RC members revisited: influence of cover, ⌀/ρs,ef and stirrup spacing - an experimental and theoretical study",2013,Structural Concrete,Spain,Polytechnic University of Madrid,Structures Laboratory,"Alejandro Pérez Caldentey, Hugo Corres Peiretti, Joan Peset Iribarren, Alejandro Giraldo Soto",5220.0,3420.0,3420.0,3420.0,450.0,350,"[3,0]","[3,33]",65.0,[0],2,22.327,"2,150x150x150,1]","[7,28]",1.5637532887595522,"[0,0,0]",[0],28100.577852505627,"[0,0,0]",[0],"[1,3,0,0,0.55,0,0,Plastifier MPOZZOLITH 472N,0]",200000.0,2,500.0,[12],[412],[4],[32],[0],[0],0.0,0.0,0,0,0.0,0.0,0.0,0,0,[0],[0],[0],[0],[0],1,2,1,2,2,1,124.0,1,0.0,48.66211875,280.3513728347209,28,1,0.0,0,0,0,15,0.162,0.0,0.344,0.0,0.0,0,-1,1,-1,-1,157500.0,452.3893421169302,3,0.3,CR,22.327,1.0,14.326999999999998,26.9,1.769666495625081,2.1793905094750547,1.925803017183297,2.3005664443126053,2.032879275387418,2.8332076623175717,2.032879275387418,1.2387665469375566,1.2387665469375566,1.5255733566325382,28100.577852505627,0.0,2.358423257134569,2.358423257134569,0.0,2.141746456197676,2.141746456197676,0.0,4.5001697133322445,4.5001697133322445,28100.577852505627,-1.500564400294928e-05,-1.500564400294928e-05,-0.0001000762578051,-0.0001000762578051,-0.0001150819018081,-0.0001150819018081,-0.000124,1,0,7.117291361400482,0.0,91.33333333333331,0.0,412.0,412.0,452.3893421169302,0.0031372353822255,0.0031372353822255,0.0,0.0,0.0,0.0,0.0,0.0,0.0,38.0,32.0,412.0,38.0,0.0,0.0,228.22899931529452,2659454663.7610626,11991895.49377577,11652571.197085569,25.0,3.9375,-3.837881250000001,0.0,0.0,0.0,-0.0001166722785578,1.769666495625081,12413320.920382936,0.0,25.234782837779544,0.0,18.937431663465507,2,0.0,23.905610881738,3.185399692125146,11.81286375101313,78.35017667894722,0.0003272968153427,0.0,82.89172195652569,0.0003530571790126,0.0015636086448558,0.0,412.0,0.0,452.3893421169302,29008.602684783986,0.0,34300.0,452.3893421169302,0.0,12.0,0.0131891936477239,98.0,34300.0,452.3893421169302,0.0,12.0,0.0131891936477239,98.0,128.12915605278167,0.0,0.0,0.0,1000.0,111.66249107878036
1103,4965,6281,24,12-20-00,2,10.1002/suco.201200016,"Cracking of RC members revisited: influence of cover, ⌀/ρs,ef and stirrup spacing - an experimental and theoretical study",2013,Structural Concrete,Spain,Polytechnic University of Madrid,Structures Laboratory,"Alejandro Pérez Caldentey, Hugo Corres Peiretti, Joan Peset Iribarren, Alejandro Giraldo Soto",5220.0,3420.0,3420.0,3420.0,450.0,350,"[3,0]","[3,33]",65.0,[0],2,22.327,"2,150x150x150,1]","[7,28]",1.5637532887595522,"[0,0,0]",[0],28100.577852505627,"[0,0,0]",[0],"[1,3,0,0,0.55,0,0,Plastifier MPOZZOLITH 472N,0]",200000.0,2,500.0,[12],[412],[4],[32],[0],[0],0.0,0.0,0,0,0.0,0.0,0.0,0,0,[0],[0],[0],[0],[0],1,2,1,2,2,2,124.0,1,0.0,29.962118749999995,172.27922824209162,28,1,0.0,0,0,0,4,0.052,0.0,0.077,0.0,0.0,0,-1,1,-1,-1,157500.0,452.3893421169302,3,0.3,CR,22.327,1.0,14.326999999999998,26.9,1.769666495625081,2.1793905094750547,1.925803017183297,2.3005664443126053,2.032879275387418,2.8332076623175717,2.032879275387418,1.2387665469375566,1.2387665469375566,1.5255733566325382,28100.577852505627,0.0,2.358423257134569,2.358423257134569,0.0,2.141746456197676,2.141746456197676,0.0,4.5001697133322445,4.5001697133322445,28100.577852505627,-1.500564400294928e-05,-1.500564400294928e-05,-0.0001000762578051,-0.0001000762578051,-0.0001150819018081,-0.0001150819018081,-0.000124,1,0,7.117291361400482,0.0,91.33333333333331,0.0,412.0,412.0,452.3893421169302,0.0031372353822255,0.0031372353822255,0.0,0.0,0.0,0.0,0.0,0.0,0.0,38.0,32.0,412.0,38.0,0.0,0.0,228.22899931529452,2659454663.7610626,11991895.49377577,11652571.197085569,25.0,3.9375,-3.837881250000001,0.0,0.0,0.0,-0.0001166722785578,1.769666495625081,12413320.920382936,0.0,25.234782837779544,0.0,18.937431663465507,2,0.0,23.905610881738,3.185399692125146,11.81286375101313,78.35017667894722,0.0002015223812628,0.0,81.47889986475863,0.0002123483490308,0.0009604308272035,0.0,412.0,0.0,452.3893421169302,28514.11495266553,0.0,34300.0,452.3893421169302,0.0,12.0,0.0131891936477239,98.0,34300.0,452.3893421169302,0.0,12.0,0.0131891936477239,98.0,128.12915605278167,0.0,0.0,0.0,1000.0,111.66249107878036
1104,4966,6282,24,12-20-00,3,10.1002/suco.201200016,"Cracking of RC members revisited: influence of cover, ⌀/ρs,ef and stirrup spacing - an experimental and theoretical study",2013,Structural Concrete,Spain,Polytechnic University of Madrid,Structures Laboratory,"Alejandro Pérez Caldentey, Hugo Corres Peiretti, Joan Peset Iribarren, Alejandro Giraldo Soto",5220.0,3420.0,3420.0,3420.0,450.0,350,"[3,0]","[3,33]",65.0,[0],2,22.327,"2,150x150x150,1]","[7,28]",1.5637532887595522,"[0,0,0]",[0],28100.577852505627,"[0,0,0]",[0],"[1,3,0,0,0.55,0,0,Plastifier MPOZZOLITH 472N,0]",200000.0,2,500.0,[12],[412],[4],[32],[0],[0],0.0,0.0,0,0,0.0,0.0,0.0,0,0,[0],[0],[0],[0],[0],1,2,1,2,2,2,124.0,1,0.0,33.66211875,193.62669534152332,28,1,0.0,0,0,0,6,0.059,0.0,0.105,0.0,0.0,0,-1,1,-1,-1,157500.0,452.3893421169302,3,0.3,CR,22.327,1.0,14.326999999999998,26.9,1.769666495625081,2.1793905094750547,1.925803017183297,2.3005664443126053,2.032879275387418,2.8332076623175717,2.032879275387418,1.2387665469375566,1.2387665469375566,1.5255733566325382,28100.577852505627,0.0,2.358423257134569,2.358423257134569,0.0,2.141746456197676,2.141746456197676,0.0,4.5001697133322445,4.5001697133322445,28100.577852505627,-1.500564400294928e-05,-1.500564400294928e-05,-0.0001000762578051,-0.0001000762578051,-0.0001150819018081,-0.0001150819018081,-0.000124,1,0,7.117291361400482,0.0,91.33333333333331,0.0,412.0,412.0,452.3893421169302,0.0031372353822255,0.0031372353822255,0.0,0.0,0.0,0.0,0.0,0.0,0.0,38.0,32.0,412.0,38.0,0.0,0.0,228.22899931529452,2659454663.7610626,11991895.49377577,11652571.197085569,25.0,3.9375,-3.837881250000001,0.0,0.0,0.0,-0.0001166722785578,1.769666495625081,12413320.920382936,0.0,25.234782837779544,0.0,18.937431663465507,2,0.0,23.905610881738,3.185399692125146,11.81286375101313,78.35017667894722,0.0002264082318562,0.0,81.75166736656298,0.0002396576095422,0.0010795316836918,0.0,412.0,0.0,452.3893421169302,28609.583578297043,0.0,34300.0,452.3893421169302,0.0,12.0,0.0131891936477239,98.0,34300.0,452.3893421169302,0.0,12.0,0.0131891936477239,98.0,128.12915605278167,0.0,0.0,0.0,1000.0,111.66249107878036
1105,4967,6283,24,12-20-00,4,10.1002/suco.201200016,"Cracking of RC members revisited: influence of cover, ⌀/ρs,ef and stirrup spacing - an experimental and theoretical study",2013,Structural Concrete,Spain,Polytechnic University of Madrid,Structures Laboratory,"Alejandro Pérez Caldentey, Hugo Corres Peiretti, Joan Peset Iribarren, Alejandro Giraldo Soto",5220.0,3420.0,3420.0,3420.0,450.0,350,"[3,0]","[3,33]",65.0,[0],2,22.327,"2,150x150x150,1]","[7,28]",1.5637532887595522,"[0,0,0]",[0],28100.577852505627,"[0,0,0]",[0],"[1,3,0,0,0.55,0,0,Plastifier MPOZZOLITH 472N,0]",200000.0,2,500.0,[12],[412],[4],[32],[0],[0],0.0,0.0,0,0,0.0,0.0,0.0,0,0,[0],[0],[0],[0],[0],1,2,1,2,2,2,124.0,1,0.0,48.66211875,280.3513728347209,28,1,0.0,0,0,0,14,0.164,0.0,0.37,0.0,0.0,0,-1,1,-1,-1,157500.0,452.3893421169302,3,0.3,CR,22.327,1.0,14.326999999999998,26.9,1.769666495625081,2.1793905094750547,1.925803017183297,2.3005664443126053,2.032879275387418,2.8332076623175717,2.032879275387418,1.2387665469375566,1.2387665469375566,1.5255733566325382,28100.577852505627,0.0,2.358423257134569,2.358423257134569,0.0,2.141746456197676,2.141746456197676,0.0,4.5001697133322445,4.5001697133322445,28100.577852505627,-1.500564400294928e-05,-1.500564400294928e-05,-0.0001000762578051,-0.0001000762578051,-0.0001150819018081,-0.0001150819018081,-0.000124,1,0,7.117291361400482,0.0,91.33333333333331,0.0,412.0,412.0,452.3893421169302,0.0031372353822255,0.0031372353822255,0.0,0.0,0.0,0.0,0.0,0.0,0.0,38.0,32.0,412.0,38.0,0.0,0.0,228.22899931529452,2659454663.7610626,11991895.49377577,11652571.197085569,25.0,3.9375,-3.837881250000001,0.0,0.0,0.0,-0.0001166722785578,1.769666495625081,12413320.920382936,0.0,25.234782837779544,0.0,18.937431663465507,2,0.0,23.905610881738,3.185399692125146,11.81286375101313,78.35017667894722,0.0003272968153427,0.0,82.89172195652569,0.0003530571790126,0.0015636086448558,0.0,412.0,0.0,452.3893421169302,29008.602684783986,0.0,34300.0,452.3893421169302,0.0,12.0,0.0131891936477239,98.0,34300.0,452.3893421169302,0.0,12.0,0.0131891936477239,98.0,128.12915605278167,0.0,0.0,0.0,1000.0,111.66249107878036
1119,5012,6328,24,12-70-00,1,10.1002/suco.201200016,"Cracking of RC members revisited: influence of cover, ⌀/ρs,ef and stirrup spacing - an experimental and theoretical study",2013,Structural Concrete,Spain,Polytechnic University of Madrid,Structures Laboratory,"Alejandro Pérez Caldentey, Hugo Corres Peiretti, Joan Peset Iribarren, Alejandro Giraldo Soto",5220.0,3420.0,3420.0,3420.0,450.0,350,"[3,0]","[3,123]",65.0,[0],2,22.327,"2,150x150x150,1]","[7,28]",1.6533490297710507,"[0,0,0]",[0],28100.577852505627,"[0,0,0]",[0],"[1,3,0,0,0.55,0,0,Plastifier MPOZZOLITH 472N,0]",200000.0,2,500.0,[12],[362],[4],[82],[0],[0],0.0,0.0,0,0,0.0,0.0,0.0,0,0,[0],[0],[0],[0],[0],1,2,1,2,2,1,100.0,1,0.0,26.16211875,171.97497088371964,28,1,0.0,0,0,0,7,0.086,0.0,0.114,0.0,0.0,0,-1,1,-1,-1,157500.0,452.3893421169302,3,0.3,CR,22.327,1.0,14.326999999999998,26.9,1.769666495625081,2.1793905094750547,2.03614251229866,2.3005664443126053,2.149353738702366,2.8332076623175717,2.149353738702366,1.2387665469375566,1.2387665469375566,1.5255733566325382,28100.577852505627,0.0,2.358423257134569,2.358423257134569,0.0,2.141746456197676,2.141746456197676,0.0,4.5001697133322445,4.5001697133322445,28100.577852505627,-1.500564400294928e-05,-1.500564400294928e-05,-0.0001000762578051,-0.0001000762578051,-0.0001150819018081,-0.0001150819018081,-0.0001,1,0,7.117291361400482,0.0,58.0,0.0,362.0,362.0,452.3893421169302,0.0035705551864003,0.0035705551864003,0.0,0.0,0.0,0.0,0.0,0.0,0.0,88.0,82.0,362.0,88.0,0.0,0.0,227.3656305144136,2658693902.7175884,11941974.228241142,11693473.181070976,25.0,3.9375,-3.837881250000001,0.0,0.0,0.0,-9.586067352548555e-05,1.769666495625081,12167289.797544643,0.0,26.151809816227736,0.0,18.56209313756102,2,0.0,24.774336016238408,3.185399692125146,11.81286375101313,72.928483223998,0.0002160247850858,0.0,75.96469680424777,0.0002283638833238,0.0011244190779582,0.0,362.0,0.0,452.3893421169302,26584.143881486714,0.0,42000.0,452.3893421169302,0.0,12.0,0.0107711748123078,120.0,42000.0,452.3893421169302,0.0,12.0,0.0107711748123078,120.0,163.61157567134532,0.0,0.0,0.0,1000.0,144.56354564887343
1120,5013,6329,24,12-70-00,2,10.1002/suco.201200016,"Cracking of RC members revisited: influence of cover, ⌀/ρs,ef and stirrup spacing - an experimental and theoretical study",2013,Structural Concrete,Spain,Polytechnic University of Madrid,Structures Laboratory,"Alejandro Pérez Caldentey, Hugo Corres Peiretti, Joan Peset Iribarren, Alejandro Giraldo Soto",5220.0,3420.0,3420.0,3420.0,450.0,350,"[3,0]","[3,123]",65.0,[0],2,22.327,"2,150x150x150,1]","[7,28]",1.6533490297710507,"[0,0,0]",[0],28100.577852505627,"[0,0,0]",[0],"[1,3,0,0,0.55,0,0,Plastifier MPOZZOLITH 472N,0]",200000.0,2,500.0,[12],[362],[4],[82],[0],[0],0.0,0.0,0,0,0.0,0.0,0.0,0,0,[0],[0],[0],[0],[0],1,2,1,2,2,1,100.0,1,0.0,33.66211875,221.4996219822224,28,1,0.0,0,0,0,9,0.199,0.0,0.285,0.0,0.0,0,-1,1,-1,-1,157500.0,452.3893421169302,3,0.3,CR,22.327,1.0,14.326999999999998,26.9,1.769666495625081,2.1793905094750547,2.03614251229866,2.3005664443126053,2.149353738702366,2.8332076623175717,2.149353738702366,1.2387665469375566,1.2387665469375566,1.5255733566325382,28100.577852505627,0.0,2.358423257134569,2.358423257134569,0.0,2.141746456197676,2.141746456197676,0.0,4.5001697133322445,4.5001697133322445,28100.577852505627,-1.500564400294928e-05,-1.500564400294928e-05,-0.0001000762578051,-0.0001000762578051,-0.0001150819018081,-0.0001150819018081,-0.0001,1,0,7.117291361400482,0.0,58.0,0.0,362.0,362.0,452.3893421169302,0.0035705551864003,0.0035705551864003,0.0,0.0,0.0,0.0,0.0,0.0,0.0,88.0,82.0,362.0,88.0,0.0,0.0,227.3656305144136,2658693902.7175884,11941974.228241142,11693473.181070976,25.0,3.9375,-3.837881250000001,0.0,0.0,0.0,-9.586067352548555e-05,1.769666495625081,12167289.797544643,0.0,26.151809816227736,0.0,18.56209313756102,2,0.0,24.774336016238408,3.185399692125146,11.81286375101313,72.928483223998,0.0002779534806791,0.0,76.60186242169306,0.0002972563821458,0.0014489853897481,0.0,362.0,0.0,452.3893421169302,26807.151847592573,0.0,42000.0,452.3893421169302,0.0,12.0,0.0107711748123078,120.0,42000.0,452.3893421169302,0.0,12.0,0.0107711748123078,120.0,163.61157567134532,0.0,0.0,0.0,1000.0,144.56354564887343
1121,5014,6330,24,12-70-00,3,10.1002/suco.201200016,"Cracking of RC members revisited: influence of cover, ⌀/ρs,ef and stirrup spacing - an experimental and theoretical study",2013,Structural Concrete,Spain,Polytechnic University of Madrid,Structures Laboratory,"Alejandro Pérez Caldentey, Hugo Corres Peiretti, Joan Peset Iribarren, Alejandro Giraldo Soto",5220.0,3420.0,3420.0,3420.0,450.0,350,"[3,0]","[3,123]",65.0,[0],2,22.327,"2,150x150x150,1]","[7,28]",1.6533490297710507,"[0,0,0]",[0],28100.577852505627,"[0,0,0]",[0],"[1,3,0,0,0.55,0,0,Plastifier MPOZZOLITH 472N,0]",200000.0,2,500.0,[12],[362],[4],[82],[0],[0],0.0,0.0,0,0,0.0,0.0,0.0,0,0,[0],[0],[0],[0],[0],1,2,1,2,2,1,100.0,1,0.0,41.16211875,271.1349116015821,28,1,0.0,0,0,0,9,0.306,0.0,0.408,0.0,0.0,0,-1,1,-1,-1,157500.0,452.3893421169302,3,0.3,CR,22.327,1.0,14.326999999999998,26.9,1.769666495625081,2.1793905094750547,2.03614251229866,2.3005664443126053,2.149353738702366,2.8332076623175717,2.149353738702366,1.2387665469375566,1.2387665469375566,1.5255733566325382,28100.577852505627,0.0,2.358423257134569,2.358423257134569,0.0,2.141746456197676,2.141746456197676,0.0,4.5001697133322445,4.5001697133322445,28100.577852505627,-1.500564400294928e-05,-1.500564400294928e-05,-0.0001000762578051,-0.0001000762578051,-0.0001150819018081,-0.0001150819018081,-0.0001,1,0,7.117291361400482,0.0,58.0,0.0,362.0,362.0,452.3893421169302,0.0035705551864003,0.0035705551864003,0.0,0.0,0.0,0.0,0.0,0.0,0.0,88.0,82.0,362.0,88.0,0.0,0.0,227.3656305144136,2658693902.7175884,11941974.228241142,11693473.181070976,25.0,3.9375,-3.837881250000001,0.0,0.0,0.0,-9.586067352548555e-05,1.769666495625081,12167289.797544643,0.0,26.151809816227736,0.0,18.56209313756102,2,0.0,24.774336016238408,3.185399692125146,11.81286375101313,72.928483223998,0.0003398821762723,0.0,77.25880361618763,0.0003678350578516,0.0017746492712555,0.0,362.0,0.0,452.3893421169302,27037.081265665664,0.0,42000.0,452.3893421169302,0.0,12.0,0.0107711748123078,120.0,42000.0,452.3893421169302,0.0,12.0,0.0107711748123078,120.0,163.61157567134532,0.0,0.0,0.0,1000.0,144.56354564887343
1122,5016,6332,24,12-70-00,1,10.1002/suco.201200016,"Cracking of RC members revisited: influence of cover, ⌀/ρs,ef and stirrup spacing - an experimental and theoretical study",2013,Structural Concrete,Spain,Polytechnic University of Madrid,Structures Laboratory,"Alejandro Pérez Caldentey, Hugo Corres Peiretti, Joan Peset Iribarren, Alejandro Giraldo Soto",5220.0,3420.0,3420.0,3420.0,450.0,350,"[3,0]","[3,123]",65.0,[0],2,22.327,"2,150x150x150,1]","[7,28]",1.6533490297710507,"[0,0,0]",[0],28100.577852505627,"[0,0,0]",[0],"[1,3,0,0,0.55,0,0,Plastifier MPOZZOLITH 472N,0]",200000.0,2,500.0,[12],[362],[4],[82],[0],[0],0.0,0.0,0,0,0.0,0.0,0.0,0,0,[0],[0],[0],[0],[0],1,2,1,2,2,2,100.0,1,0.0,26.16211875,171.97497088371964,28,1,0.0,0,0,0,7,0.102,0.0,0.137,0.0,0.0,0,-1,1,-1,-1,157500.0,452.3893421169302,3,0.3,CR,22.327,1.0,14.326999999999998,26.9,1.769666495625081,2.1793905094750547,2.03614251229866,2.3005664443126053,2.149353738702366,2.8332076623175717,2.149353738702366,1.2387665469375566,1.2387665469375566,1.5255733566325382,28100.577852505627,0.0,2.358423257134569,2.358423257134569,0.0,2.141746456197676,2.141746456197676,0.0,4.5001697133322445,4.5001697133322445,28100.577852505627,-1.500564400294928e-05,-1.500564400294928e-05,-0.0001000762578051,-0.0001000762578051,-0.0001150819018081,-0.0001150819018081,-0.0001,1,0,7.117291361400482,0.0,58.0,0.0,362.0,362.0,452.3893421169302,0.0035705551864003,0.0035705551864003,0.0,0.0,0.0,0.0,0.0,0.0,0.0,88.0,82.0,362.0,88.0,0.0,0.0,227.3656305144136,2658693902.7175884,11941974.228241142,11693473.181070976,25.0,3.9375,-3.837881250000001,0.0,0.0,0.0,-9.586067352548555e-05,1.769666495625081,12167289.797544643,0.0,26.151809816227736,0.0,18.56209313756102,2,0.0,24.774336016238408,3.185399692125146,11.81286375101313,72.928483223998,0.0002160247850858,0.0,75.96469680424777,0.0002283638833238,0.0011244190779582,0.0,362.0,0.0,452.3893421169302,26584.143881486714,0.0,42000.0,452.3893421169302,0.0,12.0,0.0107711748123078,120.0,42000.0,452.3893421169302,0.0,12.0,0.0107711748123078,120.0,163.61157567134532,0.0,0.0,0.0,1000.0,144.56354564887343
1123,5017,6333,24,12-70-00,2,10.1002/suco.201200016,"Cracking of RC members revisited: influence of cover, ⌀/ρs,ef and stirrup spacing - an experimental and theoretical study",2013,Structural Concrete,Spain,Polytechnic University of Madrid,Structures Laboratory,"Alejandro Pérez Caldentey, Hugo Corres Peiretti, Joan Peset Iribarren, Alejandro Giraldo Soto",5220.0,3420.0,3420.0,3420.0,450.0,350,"[3,0]","[3,123]",65.0,[0],2,22.327,"2,150x150x150,1]","[7,28]",1.6533490297710507,"[0,0,0]",[0],28100.577852505627,"[0,0,0]",[0],"[1,3,0,0,0.55,0,0,Plastifier MPOZZOLITH 472N,0]",200000.0,2,500.0,[12],[362],[4],[82],[0],[0],0.0,0.0,0,0,0.0,0.0,0.0,0,0,[0],[0],[0],[0],[0],1,2,1,2,2,2,100.0,1,0.0,33.66211875,221.4996219822224,28,1,0.0,0,0,0,9,0.246,0.0,0.33,0.0,0.0,0,-1,1,-1,-1,157500.0,452.3893421169302,3,0.3,CR,22.327,1.0,14.326999999999998,26.9,1.769666495625081,2.1793905094750547,2.03614251229866,2.3005664443126053,2.149353738702366,2.8332076623175717,2.149353738702366,1.2387665469375566,1.2387665469375566,1.5255733566325382,28100.577852505627,0.0,2.358423257134569,2.358423257134569,0.0,2.141746456197676,2.141746456197676,0.0,4.5001697133322445,4.5001697133322445,28100.577852505627,-1.500564400294928e-05,-1.500564400294928e-05,-0.0001000762578051,-0.0001000762578051,-0.0001150819018081,-0.0001150819018081,-0.0001,1,0,7.117291361400482,0.0,58.0,0.0,362.0,362.0,452.3893421169302,0.0035705551864003,0.0035705551864003,0.0,0.0,0.0,0.0,0.0,0.0,0.0,88.0,82.0,362.0,88.0,0.0,0.0,227.3656305144136,2658693902.7175884,11941974.228241142,11693473.181070976,25.0,3.9375,-3.837881250000001,0.0,0.0,0.0,-9.586067352548555e-05,1.769666495625081,12167289.797544643,0.0,26.151809816227736,0.0,18.56209313756102,2,0.0,24.774336016238408,3.185399692125146,11.81286375101313,72.928483223998,0.0002779534806791,0.0,76.60186242169306,0.0002972563821458,0.0014489853897481,0.0,362.0,0.0,452.3893421169302,26807.151847592573,0.0,42000.0,452.3893421169302,0.0,12.0,0.0107711748123078,120.0,42000.0,452.3893421169302,0.0,12.0,0.0107711748123078,120.0,163.61157567134532,0.0,0.0,0.0,1000.0,144.56354564887343
1124,5018,6334,24,12-70-00,3,10.1002/suco.201200016,"Cracking of RC members revisited: influence of cover, ⌀/ρs,ef and stirrup spacing - an experimental and theoretical study",2013,Structural Concrete,Spain,Polytechnic University of Madrid,Structures Laboratory,"Alejandro Pérez Caldentey, Hugo Corres Peiretti, Joan Peset Iribarren, Alejandro Giraldo Soto",5220.0,3420.0,3420.0,3420.0,450.0,350,"[3,0]","[3,123]",65.0,[0],2,22.327,"2,150x150x150,1]","[7,28]",1.6533490297710507,"[0,0,0]",[0],28100.577852505627,"[0,0,0]",[0],"[1,3,0,0,0.55,0,0,Plastifier MPOZZOLITH 472N,0]",200000.0,2,500.0,[12],[362],[4],[82],[0],[0],0.0,0.0,0,0,0.0,0.0,0.0,0,0,[0],[0],[0],[0],[0],1,2,1,2,2,2,100.0,1,0.0,41.16211875,271.1349116015821,28,1,0.0,0,0,0,9,0.381,0.0,0.478,0.0,0.0,0,-1,1,-1,-1,157500.0,452.3893421169302,3,0.3,CR,22.327,1.0,14.326999999999998,26.9,1.769666495625081,2.1793905094750547,2.03614251229866,2.3005664443126053,2.149353738702366,2.8332076623175717,2.149353738702366,1.2387665469375566,1.2387665469375566,1.5255733566325382,28100.577852505627,0.0,2.358423257134569,2.358423257134569,0.0,2.141746456197676,2.141746456197676,0.0,4.5001697133322445,4.5001697133322445,28100.577852505627,-1.500564400294928e-05,-1.500564400294928e-05,-0.0001000762578051,-0.0001000762578051,-0.0001150819018081,-0.0001150819018081,-0.0001,1,0,7.117291361400482,0.0,58.0,0.0,362.0,362.0,452.3893421169302,0.0035705551864003,0.0035705551864003,0.0,0.0,0.0,0.0,0.0,0.0,0.0,88.0,82.0,362.0,88.0,0.0,0.0,227.3656305144136,2658693902.7175884,11941974.228241142,11693473.181070976,25.0,3.9375,-3.837881250000001,0.0,0.0,0.0,-9.586067352548555e-05,1.769666495625081,12167289.797544643,0.0,26.151809816227736,0.0,18.56209313756102,2,0.0,24.774336016238408,3.185399692125146,11.81286375101313,72.928483223998,0.0003398821762723,0.0,77.25880361618763,0.0003678350578516,0.0017746492712555,0.0,362.0,0.0,452.3893421169302,27037.081265665664,0.0,42000.0,452.3893421169302,0.0,12.0,0.0107711748123078,120.0,42000.0,452.3893421169302,0.0,12.0,0.0107711748123078,120.0,163.61157567134532,0.0,0.0,0.0,1000.0,144.56354564887343
1136,5058,6374,24,25-20-00,11,10.1002/suco.201200016,"Cracking of RC members revisited: influence of cover, ⌀/ρs,ef and stirrup spacing - an experimental and theoretical study",2013,Structural Concrete,Spain,Polytechnic University of Madrid,Structures Laboratory,"Alejandro Pérez Caldentey, Hugo Corres Peiretti, Joan Peset Iribarren, Alejandro Giraldo Soto",5220.0,3420.0,3420.0,3420.0,450.0,350,"[3,0]","[3,43]",65.0,[0],2,22.327,"2,150x150x150,1]","[7,28]",0.7954074718642329,"[0,0,0]",[0],28100.577852505627,"[0,0,0]",[0],"[1,3,0,0,0.55,0,0,Plastifier MPOZZOLITH 472N,0]",200000.0,2,500.0,[25],[405.5],[4],[32],[0],[0],0.0,0.0,0,0,0.0,0.0,0.0,0,0,[0],[0],[0],[0],[0],1,2,1,2,2,1,168.0,1,0.0,131.16211875,190.04776739191217,28,1,0.0,0,0,0,26,0.144,0.0,0.25,130.8,0.0,0,-1,1,-1,-1,157500.0,1963.4954084936207,3,0.3,CR,22.327,1.0,14.326999999999998,26.9,1.769666495625081,2.1793905094750547,0.979565076036628,2.3005664443126053,1.0340297134235028,2.8332076623175717,1.0340297134235028,1.2387665469375566,1.2387665469375566,1.5255733566325382,28100.577852505627,0.0,2.358423257134569,2.358423257134569,0.0,2.141746456197676,2.141746456197676,0.0,4.5001697133322445,4.5001697133322445,28100.577852505627,-1.500564400294928e-05,-1.500564400294928e-05,-0.0001000762578051,-0.0001000762578051,-0.0001150819018081,-0.0001150819018081,-0.000168,1,0,7.117291361400482,0.0,87.0,0.0,405.5,405.5,1963.4954084936207,0.0138347395349207,0.0138347395349207,0.0,0.0,0.0,0.0,0.0,0.0,0.0,44.5,32.0,405.5,44.5,0.0,0.0,237.7899155146072,2683576655.3721485,12645848.861894537,11285493.960349632,25.0,3.9375,-3.837881250000001,0.0,0.0,0.0,-0.0001333295733321,1.769666495625081,14237842.739720805,0.0,14.7223524479224,0.0,21.72087353964208,2,0.0,13.94689350593216,3.185399692125146,11.81286375101313,144.39727443564362,0.0005168695920229,0.0,155.50647723706015,0.0005910884907588,0.0011193857323565,0.0,405.5,0.0,1963.4954084936207,54423.76703297106,0.0,54512.5,1963.4954084936207,0.0,25.0,0.0360191774087341,155.75,54512.5,1963.4954084936207,0.0,25.0,0.0360191774087341,155.75,26.948627570012142,0.0,0.0,0.0,126.3,43.32833091592942
1137,5059,6375,24,25-20-00,12,10.1002/suco.201200016,"Cracking of RC members revisited: influence of cover, ⌀/ρs,ef and stirrup spacing - an experimental and theoretical study",2013,Structural Concrete,Spain,Polytechnic University of Madrid,Structures Laboratory,"Alejandro Pérez Caldentey, Hugo Corres Peiretti, Joan Peset Iribarren, Alejandro Giraldo Soto",5220.0,3420.0,3420.0,3420.0,450.0,350,"[3,0]","[3,43]",65.0,[0],2,22.327,"2,150x150x150,1]","[7,28]",0.7954074718642329,"[0,0,0]",[0],28100.577852505627,"[0,0,0]",[0],"[1,3,0,0,0.55,0,0,Plastifier MPOZZOLITH 472N,0]",200000.0,2,500.0,[25],[405.5],[4],[32],[0],[0],0.0,0.0,0,0,0.0,0.0,0.0,0,0,[0],[0],[0],[0],[0],1,2,1,2,2,1,168.0,1,0.0,191.16211875,279.5256344266372,28,1,0.0,0,0,0,27,0.211,0.0,0.363,126.3,0.0,0,-1,1,-1,-1,157500.0,1963.4954084936207,3,0.3,CR,22.327,1.0,14.326999999999998,26.9,1.769666495625081,2.1793905094750547,0.979565076036628,2.3005664443126053,1.0340297134235028,2.8332076623175717,1.0340297134235028,1.2387665469375566,1.2387665469375566,1.5255733566325382,28100.577852505627,0.0,2.358423257134569,2.358423257134569,0.0,2.141746456197676,2.141746456197676,0.0,4.5001697133322445,4.5001697133322445,28100.577852505627,-1.500564400294928e-05,-1.500564400294928e-05,-0.0001000762578051,-0.0001000762578051,-0.0001150819018081,-0.0001150819018081,-0.000168,1,0,7.117291361400482,0.0,87.0,0.0,405.5,405.5,1963.4954084936207,0.0138347395349207,0.0138347395349207,0.0,0.0,0.0,0.0,0.0,0.0,0.0,44.5,32.0,405.5,44.5,0.0,0.0,237.7899155146072,2683576655.3721485,12645848.861894537,11285493.960349632,25.0,3.9375,-3.837881250000001,0.0,0.0,0.0,-0.0001333295733321,1.769666495625081,14237842.739720805,0.0,14.7223524479224,0.0,21.72087353964208,2,0.0,13.94689350593216,3.185399692125146,11.81286375101313,144.39727443564362,0.0007533111486013,0.0,160.9116890595039,0.0009194826563474,0.0016519103715595,0.0,405.5,0.0,1963.4954084936207,56315.59117082638,0.0,54512.5,1963.4954084936207,0.0,25.0,0.0360191774087341,155.75,54512.5,1963.4954084936207,0.0,25.0,0.0360191774087341,155.75,26.948627570012142,0.0,0.0,0.0,126.3,43.32833091592942
1138,5073,6389,24,25-20-00,11,10.1002/suco.201200016,"Cracking of RC members revisited: influence of cover, ⌀/ρs,ef and stirrup spacing - an experimental and theoretical study",2013,Structural Concrete,Spain,Polytechnic University of Madrid,Structures Laboratory,"Alejandro Pérez Caldentey, Hugo Corres Peiretti, Joan Peset Iribarren, Alejandro Giraldo Soto",5220.0,3420.0,3420.0,3420.0,450.0,350,"[3,0]","[3,43]",65.0,[0],2,22.327,"2,150x150x150,1]","[7,28]",0.7954074718642329,"[0,0,0]",[0],28100.577852505627,"[0,0,0]",[0],"[1,3,0,0,0.55,0,0,Plastifier MPOZZOLITH 472N,0]",200000.0,2,500.0,[25],[405.5],[4],[32],[0],[0],0.0,0.0,0,0,0.0,0.0,0.0,0,0,[0],[0],[0],[0],[0],1,2,1,2,2,2,168.0,1,0.0,131.16211875,190.04776739191217,28,1,0.0,0,0,0,26,0.148,0.0,0.287,0.0,0.0,0,-1,1,-1,-1,157500.0,1963.4954084936207,3,0.3,CR,22.327,1.0,14.326999999999998,26.9,1.769666495625081,2.1793905094750547,0.979565076036628,2.3005664443126053,1.0340297134235028,2.8332076623175717,1.0340297134235028,1.2387665469375566,1.2387665469375566,1.5255733566325382,28100.577852505627,0.0,2.358423257134569,2.358423257134569,0.0,2.141746456197676,2.141746456197676,0.0,4.5001697133322445,4.5001697133322445,28100.577852505627,-1.500564400294928e-05,-1.500564400294928e-05,-0.0001000762578051,-0.0001000762578051,-0.0001150819018081,-0.0001150819018081,-0.000168,1,0,7.117291361400482,0.0,87.0,0.0,405.5,405.5,1963.4954084936207,0.0138347395349207,0.0138347395349207,0.0,0.0,0.0,0.0,0.0,0.0,0.0,44.5,32.0,405.5,44.5,0.0,0.0,237.7899155146072,2683576655.3721485,12645848.861894537,11285493.960349632,25.0,3.9375,-3.837881250000001,0.0,0.0,0.0,-0.0001333295733321,1.769666495625081,14237842.739720805,0.0,14.7223524479224,0.0,21.72087353964208,2,0.0,13.94689350593216,3.185399692125146,11.81286375101313,144.39727443564362,0.0005168695920229,0.0,155.50647723706015,0.0005910884907588,0.0011193857323565,0.0,405.5,0.0,1963.4954084936207,54423.76703297106,0.0,54512.5,1963.4954084936207,0.0,25.0,0.0360191774087341,155.75,54512.5,1963.4954084936207,0.0,25.0,0.0360191774087341,155.75,26.948627570012142,0.0,0.0,0.0,126.3,43.32833091592942
1139,5074,6390,24,25-20-00,12,10.1002/suco.201200016,"Cracking of RC members revisited: influence of cover, ⌀/ρs,ef and stirrup spacing - an experimental and theoretical study",2013,Structural Concrete,Spain,Polytechnic University of Madrid,Structures Laboratory,"Alejandro Pérez Caldentey, Hugo Corres Peiretti, Joan Peset Iribarren, Alejandro Giraldo Soto",5220.0,3420.0,3420.0,3420.0,450.0,350,"[3,0]","[3,43]",65.0,[0],2,22.327,"2,150x150x150,1]","[7,28]",0.7954074718642329,"[0,0,0]",[0],28100.577852505627,"[0,0,0]",[0],"[1,3,0,0,0.55,0,0,Plastifier MPOZZOLITH 472N,0]",200000.0,2,500.0,[25],[405.5],[4],[32],[0],[0],0.0,0.0,0,0,0.0,0.0,0.0,0,0,[0],[0],[0],[0],[0],1,2,1,2,2,2,168.0,1,0.0,191.16211875,279.5256344266372,28,1,0.0,0,0,0,27,0.229,0.0,0.43,0.0,0.0,0,-1,1,-1,-1,157500.0,1963.4954084936207,3,0.3,CR,22.327,1.0,14.326999999999998,26.9,1.769666495625081,2.1793905094750547,0.979565076036628,2.3005664443126053,1.0340297134235028,2.8332076623175717,1.0340297134235028,1.2387665469375566,1.2387665469375566,1.5255733566325382,28100.577852505627,0.0,2.358423257134569,2.358423257134569,0.0,2.141746456197676,2.141746456197676,0.0,4.5001697133322445,4.5001697133322445,28100.577852505627,-1.500564400294928e-05,-1.500564400294928e-05,-0.0001000762578051,-0.0001000762578051,-0.0001150819018081,-0.0001150819018081,-0.000168,1,0,7.117291361400482,0.0,87.0,0.0,405.5,405.5,1963.4954084936207,0.0138347395349207,0.0138347395349207,0.0,0.0,0.0,0.0,0.0,0.0,0.0,44.5,32.0,405.5,44.5,0.0,0.0,237.7899155146072,2683576655.3721485,12645848.861894537,11285493.960349632,25.0,3.9375,-3.837881250000001,0.0,0.0,0.0,-0.0001333295733321,1.769666495625081,14237842.739720805,0.0,14.7223524479224,0.0,21.72087353964208,2,0.0,13.94689350593216,3.185399692125146,11.81286375101313,144.39727443564362,0.0007533111486013,0.0,160.9116890595039,0.0009194826563474,0.0016519103715595,0.0,405.5,0.0,1963.4954084936207,56315.59117082638,0.0,54512.5,1963.4954084936207,0.0,25.0,0.0360191774087341,155.75,54512.5,1963.4954084936207,0.0,25.0,0.0360191774087341,155.75,26.948627570012142,0.0,0.0,0.0,126.3,43.32833091592942
1154,5207,6543,27,16-20T,4,0,Cracking of RC: Tension vs. Flexure,2018,0,Spain,Technical University of Madrid,Structures Laboratory of the Civil Engineering School,"Roberto García, Alejandro Pérez Caldentey",5000.0,5000.0,5000.0,5000.0,450.0,350,"[3,0]","[3,41]",65.0,[0],2,28.0291,"[2,150x150x150,1]",[0],1.973836594746988,"[0,0,0]",[0],31694.0,"[0,0,0]",[0],"[2,3,8,1,0.55,20,0,0,0]",200000.0,2,500.0,"[16,12,16]","[40,225,410]","[4,2,4]","[32,34,32]",[0],[0],0.0,0.0,0,0,0.0,0.0,0.0,0,0,[0],[0],[0],[0],[0],1,1a,1,2,2,2,110.0,1,275.20351645446584,0.0,150.0,44,1,0.0,0,0,0,0,0.18,0.0,0.368,0.0,0.0,2,-1,-1,-1,-1,157500.0,1834.690109696439,3,0.3,CR,28.0291,1.0,20.0291,33.77,2.2125624859066013,2.72482848905502,2.4308313190540902,2.8763312316785816,2.565987573171084,3.542277035771526,2.565987573171084,1.5487937401346208,1.5487937401346208,1.9073799423385136,31694.0,0.0,2.090196979089721,2.090196979089721,0.0,1.6643097692802054,1.6643097692802054,0.0,3.754506748369926,3.754506748369926,31694.0,-2.521623430578168e-05,-2.521623430578168e-05,-0.0001190045008341,-0.0001190045008341,-0.0001442207351398,-0.0001442207351398,-0.0001099999999999,1,0,6.310342651605982,0.0,90.0,0.0,225.0,0.0,0.0,0.0116488260933107,0.0116488260933107,0.0,0.0,0.0,0.0,0.0,0.0,0.0,40.0,32.0,40.0,40.0,0.0,0.0,225.00000000000003,2657812500.0,11812500.000000002,11812499.999999998,25.0,3.9375,0.0,0.0,0.0,0.0,-0.0001024677891348,2.2125624859066013,11812500.000000002,429.1430315442989,0.0,259.0246530527095,0.0,1,330.11002426484526,0.0,3.9826124746318814,13.235628999031364,0.0,0.0,0.0,0.0,0.0,0.0,0.0,225.0,0.0,1834.690109696439,-3.4999999999968168,0.0,157500.0,1834.690109696439,0.0,15.36842105263158,0.0116488260933107,120.0,157500.0,1834.690109696439,0.0,15.36842105263158,0.0116488260933107,120.0,179.92685659567,0.0,0.0,0.0,1000.0,163.46705715826823
1155,5208,6544,27,16-20T,5,0,Cracking of RC: Tension vs. Flexure,2018,0,Spain,Technical University of Madrid,Structures Laboratory of the Civil Engineering School,"Roberto García, Alejandro Pérez Caldentey",5000.0,5000.0,5000.0,5000.0,450.0,350,"[3,0]","[3,41]",65.0,[0],2,28.0291,"[2,150x150x150,1]",[0],1.973836594746988,"[0,0,0]",[0],31694.0,"[0,0,0]",[0],"[2,3,8,1,0.55,20,0,0,0]",200000.0,2,500.0,"[16,12,16]","[40,225,410]","[4,2,4]","[32,34,32]",[0],[0],0.0,0.0,0,0,0.0,0.0,0.0,0,0,[0],[0],[0],[0],[0],1,1a,1,2,2,2,110.0,1,416.2911858901221,0.0,226.9,44,1,0.0,0,0,0,0,0.209,0.0,0.458,0.0,0.0,2,-1,-1,-1,-1,157500.0,1834.690109696439,3,0.3,CR,28.0291,1.0,20.0291,33.77,2.2125624859066013,2.72482848905502,2.4308313190540902,2.8763312316785816,2.565987573171084,3.542277035771526,2.565987573171084,1.5487937401346208,1.5487937401346208,1.9073799423385136,31694.0,0.0,2.090196979089721,2.090196979089721,0.0,1.6643097692802054,1.6643097692802054,0.0,3.754506748369926,3.754506748369926,31694.0,-2.521623430578168e-05,-2.521623430578168e-05,-0.0001190045008341,-0.0001190045008341,-0.0001442207351398,-0.0001442207351398,-0.0001099999999999,1,0,6.310342651605982,0.0,90.0,0.0,225.0,0.0,0.0,0.0116488260933107,0.0116488260933107,0.0,0.0,0.0,0.0,0.0,0.0,0.0,40.0,32.0,40.0,40.0,0.0,0.0,225.00000000000003,2657812500.0,11812500.000000002,11812499.999999998,25.0,3.9375,0.0,0.0,0.0,0.0,-0.0001024677891348,2.2125624859066013,11812500.000000002,429.1430315442989,0.0,259.0246530527095,0.0,1,330.11002426484526,0.0,3.9826124746318814,13.235628999031364,0.0,0.0,0.0,0.0,0.0,0.0,0.0,225.0,0.0,1834.690109696439,-3.4999999999968168,0.0,157500.0,1834.690109696439,0.0,15.36842105263158,0.0116488260933107,120.0,157500.0,1834.690109696439,0.0,15.36842105263158,0.0116488260933107,120.0,179.92685659567,0.0,0.0,0.0,1000.0,163.46705715826823
1156,5209,6545,27,16-20T,6,0,Cracking of RC: Tension vs. Flexure,2018,0,Spain,Technical University of Madrid,Structures Laboratory of the Civil Engineering School,"Roberto García, Alejandro Pérez Caldentey",5000.0,5000.0,5000.0,5000.0,450.0,350,"[3,0]","[3,41]",65.0,[0],2,28.0291,"[2,150x150x150,1]",[0],1.973836594746988,"[0,0,0]",[0],31694.0,"[0,0,0]",[0],"[2,3,8,1,0.55,20,0,0,0]",200000.0,2,500.0,"[16,12,16]","[40,225,410]","[4,2,4]","[32,34,32]",[0],[0],0.0,0.0,0,0,0.0,0.0,0.0,0,0,[0],[0],[0],[0],[0],1,1a,1,2,2,2,110.0,1,527.8403445596655,0.0,287.7,44,1,0.0,0,0,0,0,0.235,0.0,0.497,0.0,0.0,2,-1,-1,-1,-1,157500.0,1834.690109696439,3,0.3,CR,28.0291,1.0,20.0291,33.77,2.2125624859066013,2.72482848905502,2.4308313190540902,2.8763312316785816,2.565987573171084,3.542277035771526,2.565987573171084,1.5487937401346208,1.5487937401346208,1.9073799423385136,31694.0,0.0,2.090196979089721,2.090196979089721,0.0,1.6643097692802054,1.6643097692802054,0.0,3.754506748369926,3.754506748369926,31694.0,-2.521623430578168e-05,-2.521623430578168e-05,-0.0001190045008341,-0.0001190045008341,-0.0001442207351398,-0.0001442207351398,-0.0001099999999999,1,0,6.310342651605982,0.0,90.0,0.0,225.0,0.0,0.0,0.0116488260933107,0.0116488260933107,0.0,0.0,0.0,0.0,0.0,0.0,0.0,40.0,32.0,40.0,40.0,0.0,0.0,225.00000000000003,2657812500.0,11812500.000000002,11812499.999999998,25.0,3.9375,0.0,0.0,0.0,0.0,-0.0001024677891348,2.2125624859066013,11812500.000000002,429.1430315442989,0.0,259.0246530527095,0.0,2,330.11002426484526,0.0,3.9826124746318814,13.235628999031364,0.0,0.0,0.0,0.0,0.0,0.0,0.0,225.0,0.0,1834.690109696439,-3.4999999999968168,0.0,157500.0,1834.690109696439,0.0,15.36842105263158,0.0116488260933107,120.0,157500.0,1834.690109696439,0.0,15.36842105263158,0.0116488260933107,120.0,179.92685659567,0.0,0.0,0.0,1000.0,163.46705715826823
1157,5228,6564,27,16-70T,4,0,Cracking of RC: Tension vs. Flexure,2018,0,Spain,Technical University of Madrid,Structures Laboratory of the Civil Engineering School,"Roberto García, Alejandro Pérez Caldentey",5000.0,5000.0,5000.0,5000.0,450.0,350,"[3,0]","[3,35]",65.0,[0],2,27.3153,"[2,150x150x150,1]",[0],1.9102328975439495,"[0,0,0]",[0],31450.0,"[0,0,0]",[0],"[2,3,8,1,0.55,20,0,0,0]",200000.0,2,500.0,"[16,12,16]","[90,225,360]","[4,2,4]","[32,34,32]",[0],[0],0.0,0.0,0,0,0.0,0.0,0.0,0,0,[0],[0],[0],[0],[0],1,1a,1,2,2,2,115.0,1,356.1133502920788,0.0,194.1,38,1,0.0,0,0,0,0,0.335,0.0,0.45,0.0,0.0,2,-1,-1,-1,-1,157500.0,1834.690109696439,3,0.3,CR,27.3153,1.0,19.3153,32.91,2.159677448151458,2.659699183809244,2.3525017047485064,2.807580682596896,2.483302766807135,3.457608938952017,2.483302766807135,1.5117742137060206,1.5117742137060206,1.8617894286664705,31450.0,0.0,2.1022260028116158,2.1022260028116158,0.0,1.691866123522975,1.691866123522975,0.0,3.7940921263345904,3.7940921263345904,31450.0,-2.3270734761686995e-05,-2.3270734761686995e-05,-0.0001111346578745,-0.0001111346578745,-0.0001344053926361,-0.0001344053926361,-0.0001149999999999,1,0,6.359300476947536,0.0,90.0,0.0,225.0,0.0,0.0,0.0116488260933107,0.0116488260933107,0.0,0.0,0.0,0.0,0.0,0.0,0.0,90.0,82.0,90.0,40.0,0.0,0.0,225.00000000000003,2657812500.0,11812500.000000002,11812499.999999998,25.0,3.9375,0.0,0.0,0.0,0.0,-0.0001070685357517,2.159677448151458,11812500.000000002,415.5376465788679,0.0,252.96919381671484,0.0,1,319.644343522206,0.0,3.887419406672624,13.06601029388849,0.0,0.0,0.0,0.0,0.0,0.0,0.0,225.0,0.0,1834.690109696439,-3.4999999999968168,0.0,157500.0,1834.690109696439,0.0,15.36842105263158,0.0116488260933107,160.0,157500.0,1834.690109696439,0.0,15.36842105263158,0.0116488260933107,160.0,174.2225250100101,0.0,0.0,0.0,233.53,162.07350310085485
1158,5235,6571,27,25-20T,6,0,Cracking of RC: Tension vs. Flexure,2018,0,Spain,Technical University of Madrid,Structures Laboratory of the Civil Engineering School,"Roberto García, Alejandro Pérez Caldentey",5000.0,5000.0,5000.0,5000.0,450.0,350,"[3,0]","[3,66]",65.0,[0],2,34.6774,"[2,150x150x150,1]",[0],2.085420570362679,"[0,0,0]",[0],33784.0,"[0,0,0]",[0],"[2,3,8,1,0.55,20,0,0,0]",200000.0,2,500.0,"[25,12,25]","[44.5,225,405.5]","[4,2,4]","[32,38.5,32]",[0],[0],0.0,0.0,0,0,0.0,0.0,0.0,0,0,[0],[0],[0],[0],[0],1,1a,1,2,2,2,130.0,1,1043.695513145886,0.0,251.3,69,1,0.0,0,0,0,0,0.148,0.0,0.31,0.0,0.0,2,-1,-1,-1,-1,157500.0,4153.185488045707,3,0.3,CR,34.6774,1.0,26.6774,41.78,2.678450276836021,3.298581471632245,2.5682498993727707,3.481985359886828,2.7110467414714825,4.288155913121918,2.7110467414714825,1.8749151937852149,1.8749151937852149,2.309007030142572,33784.0,0.0,1.8685304899187631,1.8685304899187631,0.0,1.3154796348865816,1.3154796348865816,0.0,3.1840101248053445,3.1840101248053445,33784.0,-3.946364786105062e-05,-3.946364786105062e-05,-0.0001381933609889,-0.0001381933609889,-0.0001776570088499,-0.0001776570088499,-0.00013,1,0,5.919962112242482,0.0,87.0,0.0,225.0,0.0,0.0,0.0263694316701314,0.0263694316701314,0.0,0.0,0.0,0.0,0.0,0.0,0.0,44.5,32.0,44.5,44.5,0.0,0.0,225.0,2657812500.0,11812500.0,11812500.0,25.0,3.9375,0.0,0.0,0.0,0.0,-0.0001124464330312,2.678450276836021,11812500.0,482.38607670704846,0.0,333.61025121890134,0.0,2,371.06621285157576,0.0,4.821210498304838,14.721879975057533,0.0,0.0,0.0,0.0,0.0,0.0,0.0,225.0,0.0,4153.185488045707,-3.4999999999968168,0.0,157500.0,4153.185488045707,0.0,23.607142857142858,0.0263694316701314,155.75,157500.0,4153.185488045707,0.0,23.607142857142858,0.0263694316701314,155.75,89.34496518868028,0.0,0.0,0.0,1000.0,96.81000143917942
1159,5236,6572,27,25-20T,7,0,Cracking of RC: Tension vs. Flexure,2018,0,Spain,Technical University of Madrid,Structures Laboratory of the Civil Engineering School,"Roberto García, Alejandro Pérez Caldentey",5000.0,5000.0,5000.0,5000.0,450.0,350,"[3,0]","[3,66]",65.0,[0],2,34.6774,"[2,150x150x150,1]",[0],2.085420570362679,"[0,0,0]",[0],33784.0,"[0,0,0]",[0],"[2,3,8,1,0.55,20,0,0,0]",200000.0,2,500.0,"[25,12,25]","[44.5,225,405.5]","[4,2,4]","[32,38.5,32]",[0],[0],0.0,0.0,0,0,0.0,0.0,0.0,0,0,[0],[0],[0],[0],[0],1,1a,1,2,2,2,130.0,1,1332.3419045650628,0.0,320.8,69,1,0.0,0,0,0,0,0.15,0.0,0.384,0.0,0.0,2,-1,-1,-1,-1,157500.0,4153.185488045707,3,0.3,CR,34.6774,1.0,26.6774,41.78,2.678450276836021,3.298581471632245,2.5682498993727707,3.481985359886828,2.7110467414714825,4.288155913121918,2.7110467414714825,1.8749151937852149,1.8749151937852149,2.309007030142572,33784.0,0.0,1.8685304899187631,1.8685304899187631,0.0,1.3154796348865816,1.3154796348865816,0.0,3.1840101248053445,3.1840101248053445,33784.0,-3.946364786105062e-05,-3.946364786105062e-05,-0.0001381933609889,-0.0001381933609889,-0.0001776570088499,-0.0001776570088499,-0.00013,1,0,5.919962112242482,0.0,87.0,0.0,225.0,0.0,0.0,0.0263694316701314,0.0263694316701314,0.0,0.0,0.0,0.0,0.0,0.0,0.0,44.5,32.0,44.5,44.5,0.0,0.0,225.0,2657812500.0,11812500.0,11812500.0,25.0,3.9375,0.0,0.0,0.0,0.0,-0.0001124464330312,2.678450276836021,11812500.0,482.38607670704846,0.0,333.61025121890134,0.0,2,371.06621285157576,0.0,4.821210498304838,14.721879975057533,0.0,0.0,0.0,0.0,0.0,0.0,0.0,225.0,0.0,4153.185488045707,-3.4999999999968168,0.0,157500.0,4153.185488045707,0.0,23.607142857142858,0.0263694316701314,155.75,157500.0,4153.185488045707,0.0,23.607142857142858,0.0263694316701314,155.75,89.34496518868028,0.0,0.0,0.0,1000.0,96.81000143917942
1160,5243,6579,27,25-70T,6,0,Cracking of RC: Tension vs. Flexure,2018,0,Spain,Technical University of Madrid,Structures Laboratory of the Civil Engineering School,"Roberto García, Alejandro Pérez Caldentey",5000.0,5000.0,5000.0,5000.0,450.0,350,"[3,0]","[3,95]",65.0,[0],2,36.8437,"[2,150x150x150,1]",[0],2.0533090452985667,"[0,0,0]",[0],34404.0,"[0,0,0]",[0],"[2,3,8,1,0.55,20,0,0,0]",200000.0,2,500.0,"[25,12,25]","[94.5,225,355.5]","[4,2,4]","[32,38.5,32]",[0],[0],0.0,0.0,0,0,0.0,0.0,0.0,0,0,[0],[0],[0],[0],[0],1,1a,1,2,2,2,168.0,1,1020.43767441283,0.0,245.7,98,1,0.0,0,0,0,0,0.195,0.0,0.392,0.0,0.0,2,-1,-1,-1,-1,157500.0,4153.185488045707,3,0.2,CR,36.8437,1.0,28.8437,44.39,2.8215553096435664,3.4748190571490105,2.528703717568172,3.668021902536637,2.6693017588881367,4.5172647742937135,2.6693017588881367,1.975088716750496,1.975088716750496,2.432373340004307,34404.0,0.0,1.841506365084058,1.841506365084058,0.0,1.2624295154507013,1.2624295154507013,0.0,3.103935880534759,3.103935880534759,34404.0,-4.616855298965166e-05,-4.616855298965166e-05,-0.0001589580772264,-0.0001589580772264,-0.000205126630216,-0.000205126630216,-0.000168,1,0,5.813277525869085,0.0,87.0,0.0,225.0,0.0,0.0,0.0263694316701314,0.0263694316701314,0.0,0.0,0.0,0.0,0.0,0.0,0.0,94.5,82.0,94.5,44.5,0.0,0.0,225.00000000000003,2657812500.0,11812500.000000002,11812499.999999998,25.0,3.9375,0.0,0.0,0.0,0.0,-0.0001456698562857,2.8215553096435664,11812500.000000002,473.775528650664,0.0,350.55935425607413,0.0,2,364.44271434666473,0.0,5.07879955735842,15.174752881019185,0.0,0.0,0.0,0.0,0.0,0.0,0.0,225.0,0.0,4153.185488045707,-3.4999999999968168,0.0,157500.0,4153.185488045707,0.0,23.607142857142858,0.0263694316701314,219.5,157500.0,4153.185488045707,0.0,23.607142857142858,0.0263694316701314,219.5,87.75016560075535,0.0,0.0,0.0,1000.0,90.484859078
