,meas_wmax,wmax_053,EPID,ELID,LOADID,locw,k1,cy,sigs,phi_eq_MC2020,rhoeff_MC2020,CS,epsin,Nrep,t
0,0.228,0.17091713379996396,1,2-16R,3,2,0.0,35.049999999999976,198.0834810983904,12.7,0.0174539033302085,2,2,1,1
1,0.303,0.22322290077347376,1,2-16R,4,2,0.0,35.049999999999976,258.4822451666737,12.7,0.0174539033302085,2,2,1,1
2,0.151,0.12433211034088683,1,2-16R,3,1,0.0,35.049999999999976,198.0834810983904,12.7,0.0174539033302085,2,2,1,1
3,0.175,0.16217242746608027,1,2-16R,4,1,0.0,35.049999999999976,258.4822451666737,12.7,0.0174539033302085,2,2,1,1
4,0.303,0.1822369626164658,1,2-16T,3,2,0.0,35.049999999999976,215.08982554508447,12.7,0.0174539033302085,2,2,1,1
5,0.344,0.23832046852120836,1,2-16T,4,2,0.0,35.049999999999976,281.1877230395622,12.7,0.0174539033302085,2,2,1,1
6,0.446,0.2885339113828604,1,2-16T,5,2,0.0,35.049999999999976,340.32586687715127,12.7,0.0174539033302085,2,2,1,1
7,0.197,0.13626021129004845,1,2-16T,3,1,0.0,35.049999999999976,215.08982554508447,12.7,0.0174539033302085,2,2,1,1
8,0.305,0.17810277088880194,1,2-16T,4,1,0.0,35.049999999999976,281.1877230395622,12.7,0.0174539033302085,2,2,1,1
9,0.356,0.2155262580246579,1,2-16T,5,1,0.0,35.049999999999976,340.32586687715127,12.7,0.0174539033302085,2,2,1,1
10,0.252,0.19289324560487967,1,2-24R,2,2,0.0,35.049999999999976,197.3080003455484,12.7,0.0153020522347034,1,2,1,1
11,0.391,0.3216882094489536,1,2-24R,3,2,0.0,35.049999999999976,328.63244857749464,12.7,0.0153020522347034,2,2,1,1
12,0.161,0.14250910520066942,1,2-24R,2,1,0.0,35.049999999999976,197.3080003455484,12.7,0.0153020522347034,1,2,1,1
13,0.318,0.23720754271248765,1,2-24R,3,1,0.0,35.049999999999976,328.63244857749464,12.7,0.0153020522347034,2,2,1,1
14,0.148,0.11070595739819797,1,2-32R1,2,2,0.0,35.00000000000002,157.3675700083816,12.7,0.0249525718711917,2,2,1,1
15,0.251,0.1867030066663817,1,2-32R1,3,2,0.0,35.00000000000002,265.04735031747714,12.7,0.0249525718711917,2,2,1,1
16,0.137,0.08561587244105873,1,2-32R1,2,1,0.0,35.00000000000002,157.3675700083816,12.7,0.0249525718711917,2,2,1,1
17,0.214,0.144066442747361,1,2-32R1,3,1,0.0,35.00000000000002,265.04735031747714,12.7,0.0249525718711917,2,2,1,1
18,0.279,0.1416543612481706,1,2-4.75T,4,2,0.0,35.17999999999997,191.1045215188624,12.7,0.0383649706486183,2,2,1,1
19,0.392,0.1897741867135926,1,2-4.75T,5,2,0.0,35.17999999999997,255.8974991437278,12.7,0.0383649706486183,2,2,1,1
20,0.163,0.09504259051540297,1,2-4.75T,4,1,0.0,35.17999999999997,191.1045215188624,12.7,0.0383649706486183,2,2,1,1
21,0.25,0.12724488254750607,1,2-4.75T,5,1,0.0,35.17999999999997,255.8974991437278,12.7,0.0383649706486183,2,2,1,1
22,0.188,0.13120359893367678,1,2-8R,2,2,0.0,35.049999999999976,186.8787630380614,12.7,0.0349078066604171,2,2,1,1
23,0.254,0.17540054641905417,1,2-8R,3,2,0.0,35.049999999999976,249.3760073123149,12.7,0.0349078066604171,2,2,1,1
24,0.124,0.09192304521373174,1,2-8R,2,1,0.0,35.049999999999976,186.8787630380614,12.7,0.0349078066604171,2,2,1,1
25,0.199,0.12254952299943328,1,2-8R,3,1,0.0,35.049999999999976,249.3760073123149,12.7,0.0349078066604171,2,2,1,1
26,0.176,0.1141543224590614,1,2-8T,3,2,0.0,35.049999999999976,169.45081375073346,12.7,0.0349078066604171,2,2,1,1
27,0.275,0.15018377697749558,1,2-8T,4,2,0.0,35.049999999999976,222.84963810990325,12.7,0.0349078066604171,2,2,1,1
28,0.38,0.19160703734609116,1,2-8T,5,2,0.0,35.049999999999976,284.1894143476512,12.7,0.0349078066604171,2,2,1,1
29,0.164,0.08512519723543603,1,2-8T,3,1,0.0,35.049999999999976,169.45081375073346,12.7,0.0349078066604171,2,2,1,1
30,0.202,0.11192945770486297,1,2-8T,4,1,0.0,35.049999999999976,222.84963810990325,12.7,0.0349078066604171,2,2,1,1
31,0.301,0.1427062999785592,1,2-8T,5,1,0.0,35.049999999999976,284.1894143476512,12.7,0.0349078066604171,2,2,1,1
32,0.305,0.22844237114952934,1,3-S1,3,1,0.0,41.274999999999984,264.92036985274274,19.05,0.0103594286329902,2,2,1,1
33,0.406,0.313715690603612,1,3-S2,3,2,0.0,44.44999999999998,197.36542245722396,12.700000000000005,0.0087266462599716,1,2,1,1
34,0.255,0.17802644766276438,1,3-S2,3,1,0.0,44.44999999999998,197.36542245722396,12.700000000000005,0.0087266462599716,1,2,1,1
35,0.358,0.24399654659871522,1,3-S2,4,1,0.0,44.44999999999998,270.80813216176665,12.700000000000005,0.0087266462599716,1,2,1,1
36,0.115,0.1271826026699562,2,R17,3,1,0.0,30.0,208.13647703053488,16.0,0.028519422670886,2,2,1,1
37,0.13,0.1594085616096724,2,R17,4,1,0.0,30.0,260.97317682222905,16.0,0.028519422670886,2,2,1,1
38,0.15,0.19183360408701594,2,R17,5,1,0.0,30.0,314.18392933486166,16.0,0.028519422670886,2,2,1,1
39,0.185,0.19183360408701594,2,R17,6,1,0.0,30.0,314.18392933486166,16.0,0.028519422670886,2,2,14,1
40,0.115,0.16173208256688296,2,R17,3,2,0.0,30.0,208.13647703053488,16.0,0.028519422670886,2,2,1,1
41,0.13,0.2029859096390943,2,R17,4,2,0.0,30.0,260.97317682222905,16.0,0.028519422670886,2,2,1,1
42,0.15,0.24462729356072666,2,R17,5,2,0.0,30.0,314.18392933486166,16.0,0.028519422670886,2,2,1,1
43,0.165,0.24462729356072666,2,R17,6,2,0.0,30.0,314.18392933486166,16.0,0.028519422670886,2,2,14,1
44,0.125,0.0743670903619398,2,R18,3,1,0.0,20.0,191.1342290475247,12.341463414634148,0.0157702964555201,2,2,1,1
45,0.135,0.09306162339340913,2,R18,4,1,0.0,20.0,239.1887328785413,12.341463414634148,0.0157702964555201,2,2,1,1
46,0.21,0.11181380750675028,2,R18,5,1,0.0,20.0,287.3944581718916,12.341463414634148,0.0157702964555201,2,2,1,1
47,0.235,0.11181380750675028,2,R18,6,1,0.0,20.0,287.3944581718916,12.341463414634148,0.0157702964555201,2,2,14,1
48,0.275,0.13060735040986646,2,R18,7,1,0.0,20.0,335.7097043010754,12.341463414634148,0.0157702964555201,2,2,1,1
49,0.125,0.12643077818512344,2,R18,3,2,0.0,20.0,191.1342290475247,12.341463414634148,0.0157702964555201,2,2,1,1
50,0.125,0.1582547367264908,2,R18,4,2,0.0,20.0,239.1887328785413,12.341463414634148,0.0157702964555201,2,2,1,1
51,0.185,0.1901952488655115,2,R18,5,2,0.0,20.0,287.3944581718916,12.341463414634148,0.0157702964555201,2,2,1,1
52,0.168,0.1901952488655115,2,R18,6,2,0.0,20.0,287.3944581718916,12.341463414634148,0.0157702964555201,2,2,14,1
53,0.2,0.22222566912957892,2,R18,7,2,0.0,20.0,335.7097043010754,12.341463414634148,0.0157702964555201,2,2,1,1
54,0.085,0.08770049234219314,2,R19,1,1,0.0,33.0,154.2845604234408,10.0,0.0147078307752331,1,2,1,1
55,0.115,0.11709281736377439,2,R19,2,1,0.0,33.0,206.02661947878133,10.0,0.0147078307752331,2,2,1,1
56,0.135,0.1465731729694992,2,R19,3,1,0.0,33.0,257.94261488758053,10.0,0.0147078307752331,2,2,1,1
57,0.2,0.176147671674541,2,R19,4,1,0.0,33.0,310.0446014718505,10.0,0.0147078307752331,2,2,1,1
58,0.215,0.176147671674541,2,R19,5,1,0.0,33.0,310.0446014718505,10.0,0.0147078307752331,2,2,14,1
59,0.115,0.14516712565678372,2,R19,2,2,0.0,33.0,206.02661947878133,10.0,0.0147078307752331,2,2,1,1
60,0.15,0.18182871541950446,2,R19,3,2,0.0,33.0,257.94261488758053,10.0,0.0147078307752331,2,2,1,1
61,0.2,0.218658305796039,2,R19,4,2,0.0,33.0,310.0446014718505,10.0,0.0147078307752331,2,2,1,1
62,0.225,0.218658305796039,2,R19,5,2,0.0,33.0,310.0446014718505,10.0,0.0147078307752331,2,2,14,1
63,0.1,0.11774054111278391,2,R21,3,1,0.0,19.0,196.24104766651945,21.33333333333333,0.0264772911709954,2,2,1,1
64,0.14,0.14762907161636493,2,R21,4,1,0.0,19.0,246.1028435943572,21.33333333333333,0.0264772911709954,2,2,1,1
65,0.2,0.17774273170762495,2,R21,5,1,0.0,19.0,296.3627632557641,21.33333333333333,0.0264772911709954,2,2,1,1
66,0.19,0.17774273170762495,2,R21,6,1,0.0,19.0,296.3627632557641,21.33333333333333,0.0264772911709954,2,2,14,1
67,0.275,0.20811256237134254,2,R21,7,1,0.0,19.0,347.07577016090784,21.33333333333333,0.0264772911709954,2,2,1,1
68,0.15,0.17926426878451315,2,R21,3,2,0.0,19.0,196.24104766651945,21.33333333333333,0.0264772911709954,2,2,1,1
69,0.185,0.225006939631667,2,R21,4,2,0.0,19.0,246.1028435943572,21.33333333333333,0.0264772911709954,2,2,1,1
70,0.2,0.27121046871027316,2,R21,5,2,0.0,19.0,296.3627632557641,21.33333333333333,0.0264772911709954,2,2,1,1
71,0.25,0.27121046871027316,2,R21,6,2,0.0,19.0,296.3627632557641,21.33333333333333,0.0264772911709954,2,2,14,1
72,0.25,0.3179388253080711,2,R21,7,2,0.0,19.0,347.07577016090784,21.33333333333333,0.0264772911709954,2,2,1,1
73,0.16,0.13099684566761174,2,R25,3,1,0.0,35.0,194.6850029938567,16.0,0.021795331146856,2,2,1,1
74,0.185,0.16404078718920467,2,R25,4,1,0.0,35.0,243.86736506324516,16.0,0.021795331146856,2,2,1,1
75,0.25,0.19722779275342925,2,R25,5,1,0.0,35.0,293.2968966637636,16.0,0.021795331146856,2,2,1,1
76,0.25,0.19722779275342925,2,R25,6,1,0.0,35.0,293.2968966637636,16.0,0.021795331146856,2,2,14,1
77,0.275,0.23058838373246557,2,R25,7,1,0.0,35.0,343.0225037999271,16.0,0.021795331146856,2,2,1,1
78,0.21,0.1923750387227907,2,R25,4,2,0.0,35.0,243.86736506324516,16.0,0.021795331146856,2,2,1,1
79,0.25,0.2314741642744732,2,R25,5,2,0.0,35.0,293.2968966637636,16.0,0.021795331146856,2,2,1,1
80,0.25,0.2314741642744732,2,R25,6,2,0.0,35.0,293.2968966637636,16.0,0.021795331146856,2,2,14,1
81,0.325,0.270850577191243,2,R25,7,2,0.0,35.0,343.0225037999271,16.0,0.021795331146856,2,2,1,1
82,0.16,0.1310182869765938,2,R26,3,1,0.0,35.0,194.7250520952012,16.0,0.021795331146856,2,2,1,1
83,0.185,0.164069997180264,2,R26,4,1,0.0,35.0,243.92168385510388,16.0,0.021795331146856,2,2,1,1
84,0.25,0.19726603458330635,2,R26,5,1,0.0,35.0,293.3677161774819,16.0,0.021795331146856,2,2,1,1
85,0.25,0.19726603458330635,2,R26,6,1,0.0,35.0,293.3677161774819,16.0,0.021795331146856,2,2,14,1
86,0.275,0.23063714391946158,2,R26,7,1,0.0,35.0,343.11244777833934,16.0,0.021795331146856,2,2,1,1
87,0.21,0.19243039042191706,2,R26,4,2,0.0,35.0,243.92168385510388,16.0,0.021795331146856,2,2,1,1
88,0.25,0.23154607015628687,2,R26,5,2,0.0,35.0,293.3677161774819,16.0,0.021795331146856,2,2,1,1
89,0.25,0.23154607015628687,2,R26,6,2,0.0,35.0,293.3677161774819,16.0,0.021795331146856,2,2,14,1
90,0.325,0.27094158776723987,2,R26,7,2,0.0,35.0,343.11244777833934,16.0,0.021795331146856,2,2,1,1
91,0.2,0.1631908980845692,2,R29,3,1,0.0,35.0,242.293823844099,16.0,0.021795331146856,2,2,1,1
92,0.3,0.19611821318432163,2,R29,4,1,0.0,35.0,291.2509232706112,16.0,0.021795331146856,2,2,1,1
93,0.34,0.19611821318432163,2,R29,5,1,0.0,35.0,291.2509232706112,16.0,0.021795331146856,2,2,14,1
94,0.165,0.15232627740250398,2,R29,2,2,0.0,35.0,193.5223701072042,16.0,0.021795331146856,2,2,1,1
95,0.235,0.19077838508335393,2,R29,3,2,0.0,35.0,242.293823844099,16.0,0.021795331146856,2,2,1,1
96,0.325,0.22940559470651195,2,R29,4,2,0.0,35.0,291.2509232706112,16.0,0.021795331146856,2,2,1,1
97,0.35,0.22940559470651195,2,R29,5,2,0.0,35.0,291.2509232706112,16.0,0.021795331146856,2,2,14,1
98,0.3,0.11957830040489607,2,R33,3,1,0.0,33.0,194.3976057911665,16.0,0.022155584554242,2,2,1,1
99,0.36,0.14977295837884722,2,R33,4,1,0.0,33.0,243.54623182135555,16.0,0.022155584554242,2,2,1,1
100,0.4,0.1801140177020974,2,R33,5,1,0.0,33.0,292.96214109351973,16.0,0.022155584554242,2,2,1,1
101,0.425,0.1801140177020974,2,R33,6,1,0.0,33.0,292.96214109351973,16.0,0.022155584554242,2,2,14,1
102,0.25,0.14790877726520596,2,R33,3,2,0.0,33.0,194.3976057911665,16.0,0.022155584554242,2,2,1,1
103,0.325,0.185387416701742,2,R33,4,2,0.0,33.0,243.54623182135555,16.0,0.022155584554242,2,2,1,1
104,0.375,0.22310933620268456,2,R33,5,2,0.0,33.0,292.96214109351973,16.0,0.022155584554242,2,2,1,1
105,0.45,0.22310933620268456,2,R33,6,2,0.0,33.0,292.96214109351973,16.0,0.022155584554242,2,2,14,1
106,0.5,0.26111886429585124,2,R33,7,2,0.0,33.0,342.69782741830073,16.0,0.022155584554242,2,2,1,1
107,0.16,0.14817123331865337,2,R49,3,2,0.0,33.0,194.66551485393805,16.0,0.022155584554242,2,2,1,1
108,0.215,0.18574263905012844,2,R49,4,2,0.0,33.0,243.9101716860852,16.0,0.022155584554242,2,2,1,1
109,0.4,0.22357183228764055,2,R49,5,2,0.0,33.0,293.4376437333642,16.0,0.022155584554242,2,2,1,1
110,0.4,0.22357183228764055,2,R49,6,2,0.0,33.0,293.4376437333642,16.0,0.022155584554242,2,2,14,1
111,0.425,0.2617059131101263,2,R49,7,2,0.0,33.0,343.3034025241195,16.0,0.022155584554242,2,2,1,1
112,0.115,0.1288598251494163,2,R49,3,1,0.0,33.0,194.66551485393805,16.0,0.022155584554242,2,2,1,1
113,0.175,0.1614023746472772,2,R49,4,1,0.0,33.0,243.9101716860852,16.0,0.022155584554242,2,2,1,1
114,0.335,0.19410564407329492,2,R49,5,1,0.0,33.0,293.4376437333642,16.0,0.022155584554242,2,2,1,1
115,0.335,0.19410564407329492,2,R49,6,1,0.0,33.0,293.4376437333642,16.0,0.022155584554242,2,2,14,1
116,0.375,0.22700334570966704,2,R49,7,1,0.0,33.0,343.3034025241195,16.0,0.022155584554242,2,2,1,1
117,0.13,0.11957689798003417,2,R5,3,1,0.0,30.0,191.17105685620453,16.0,0.022718862127655,2,2,1,1
118,0.13,0.14964549043901126,2,R5,4,1,0.0,30.0,239.2816185265148,16.0,0.022718862127655,2,2,1,1
119,0.15,0.1797965939116477,2,R5,5,1,0.0,30.0,287.54176521167733,16.0,0.022718862127655,2,2,1,1
120,0.17,0.1797965939116477,2,R5,6,1,0.0,30.0,287.54176521167733,16.0,0.022718862127655,2,2,14,1
121,0.2,0.21005083883624392,2,R5,7,1,0.0,30.0,335.98577502361906,16.0,0.022718862127655,2,2,1,1
122,0.167,0.11331286482884483,2,R58,3,1,0.0,28.0,192.26621595547928,16.0,0.0231105666470973,2,2,1,1
123,0.217,0.14589843391211302,2,R58,4,1,0.0,28.0,247.6243131929624,16.0,0.0231105666470973,2,2,1,1
124,0.207,0.14589843391211302,2,R58,5,1,0.0,28.0,247.6243131929624,16.0,0.0231105666470973,2,2,14,1
125,0.29,0.1703782623217768,2,R58,6,1,0.0,28.0,289.23499321931894,16.0,0.0231105666470973,2,2,1,1
126,0.35,0.1703782623217768,2,R58,7,1,0.0,28.0,289.23499321931894,16.0,0.0231105666470973,2,2,1,1
127,0.17,0.17085739402561373,2,R58,5,2,0.0,28.0,247.6243131929624,16.0,0.0231105666470973,2,2,14,1
128,0.269,0.1996367808796415,2,R58,6,2,0.0,28.0,289.23499321931894,16.0,0.0231105666470973,2,2,1,1
129,0.297,0.1996367808796415,2,R58,7,2,0.0,28.0,289.23499321931894,16.0,0.0231105666470973,2,2,1,1
130,0.25,0.161559198077631,2,R61,3,1,0.0,29.0,199.3525027996041,26.0,0.0240784198846564,2,2,1,1
131,0.325,0.20257055135992574,2,R61,4,1,0.0,29.0,250.0708714381683,26.0,0.0240784198846564,2,2,1,1
132,0.3,0.20257055135992574,2,R61,5,1,0.0,29.0,250.0708714381683,26.0,0.0240784198846564,2,2,14,1
133,0.315,0.24386589172833212,2,R61,6,1,0.0,29.0,301.19709243586414,26.0,0.0240784198846564,2,2,1,1
134,0.24,0.1955640748430174,2,R61,3,2,0.0,29.0,199.3525027996041,26.0,0.0240784198846564,2,2,1,1
135,0.315,0.24549614152080018,2,R61,4,2,0.0,29.0,250.0708714381683,26.0,0.0240784198846564,2,2,1,1
136,0.325,0.24549614152080018,2,R61,5,2,0.0,29.0,250.0708714381683,26.0,0.0240784198846564,2,2,14,1
137,0.35,0.29591852874659536,2,R61,6,2,0.0,29.0,301.19709243586414,26.0,0.0240784198846564,2,2,1,1
138,0.225,0.15660309005151854,2,R66,3,1,0.0,25.5,198.67821080320624,26.0,0.0262673671468979,2,2,1,1
139,0.325,0.196251477015777,2,R66,4,1,0.0,25.5,249.07409666951307,26.0,0.0262673671468979,2,2,1,1
140,0.325,0.196251477015777,2,R66,5,1,0.0,25.5,249.07409666951307,26.0,0.0262673671468979,2,2,14,1
141,0.365,0.23614529469851786,2,R66,6,1,0.0,25.5,299.828378495232,26.0,0.0262673671468979,2,2,1,1
142,0.2,0.18216058592839035,2,R66,3,2,0.0,25.5,198.67821080320624,26.0,0.0262673671468979,2,2,1,1
143,0.325,0.2284953172620511,2,R66,4,2,0.0,25.5,249.07409666951307,26.0,0.0262673671468979,2,2,1,1
144,0.325,0.2284953172620511,2,R66,5,2,0.0,25.5,249.07409666951307,26.0,0.0262673671468979,2,2,14,1
145,0.4,0.27522243924806405,2,R66,6,2,0.0,25.5,299.828378495232,26.0,0.0262673671468979,2,2,1,1
146,0.225,0.15890001866306924,2,R67,3,1,0.0,27.5,198.26311602972385,26.0,0.0249702132137178,2,2,1,1
147,0.325,0.19912655568058174,2,R67,4,1,0.0,27.5,248.54997711951967,26.0,0.0249702132137178,2,2,1,1
148,0.325,0.19912655568058174,2,R67,5,1,0.0,27.5,248.54997711951967,26.0,0.0249702132137178,2,2,14,1
149,0.365,0.23960221644578966,2,R67,6,1,0.0,27.5,299.19484198488755,26.0,0.0249702132137178,2,2,1,1
150,0.2,0.1889120732301803,2,R67,3,2,0.0,27.5,198.26311602972385,26.0,0.0249702132137178,2,2,1,1
151,0.325,0.23696758421469233,2,R67,4,2,0.0,27.5,248.54997711951967,26.0,0.0249702132137178,2,2,1,1
152,0.325,0.23696758421469233,2,R67,5,2,0.0,27.5,248.54997711951967,26.0,0.0249702132137178,2,2,14,1
153,0.4,0.2854338492070846,2,R67,6,2,0.0,27.5,299.19484198488755,26.0,0.0249702132137178,2,2,1,1
154,0.23,0.1387639059821722,2,R68,4,1,0.0,28.0,198.4499757783498,26.0,0.0369985476276428,2,2,1,1
155,0.275,0.1741963754335357,2,R68,5,1,0.0,28.0,249.3064027460628,26.0,0.0369985476276428,2,2,1,1
156,0.315,0.1741963754335357,2,R68,6,1,0.0,28.0,249.3064027460628,26.0,0.0369985476276428,2,2,14,1
157,0.4,0.2100238849486953,2,R68,7,1,0.0,28.0,300.82934744331106,26.0,0.0369985476276428,2,2,1,1
158,0.22,0.16812964907736117,2,R68,4,2,0.0,28.0,198.4499757783498,26.0,0.0369985476276428,2,2,1,1
159,0.283,0.21145838533415642,2,R68,5,2,0.0,28.0,249.3064027460628,26.0,0.0369985476276428,2,2,1,1
160,0.3,0.21145838533415642,2,R68,6,2,0.0,28.0,249.3064027460628,26.0,0.0369985476276428,2,2,14,1
161,0.357,0.2554864961643968,2,R68,7,2,0.0,28.0,300.82934744331106,26.0,0.0369985476276428,2,2,1,1
162,0.175,0.11608816192524418,3,T12,5,1,0.0,25.0,161.38924373836193,32.0,0.0560451372347726,2,2,1,1
163,0.24,0.1394392221893501,3,T12,6,1,0.0,25.0,193.89817906222152,32.0,0.0560451372347726,2,2,1,1
164,0.26,0.1394392221893501,3,T12,7,1,0.0,25.0,193.89817906222152,32.0,0.0560451372347726,2,2,1,1
165,0.215,0.1394392221893501,3,T12,8,1,0.0,25.0,193.89817906222152,32.0,0.0560451372347726,2,2,14,1
166,0.275,0.16283970846791884,3,T12,9,1,0.0,25.0,226.49394301567477,32.0,0.0560451372347726,2,2,1,1
167,0.315,0.1862921384624793,3,T12,10,1,0.0,25.0,259.18165835094084,32.0,0.0560451372347726,2,2,1,1
168,0.35,0.2098077914141611,3,T12,11,1,0.0,25.0,291.9789584534265,32.0,0.0560451372347726,2,2,1,1
169,0.185,0.13517424349046636,3,T12,5,2,0.0,25.0,161.38924373836193,32.0,0.0560451372347726,2,2,1,1
170,0.21,0.16245827710690064,3,T12,6,2,0.0,25.0,193.89817906222152,32.0,0.0560451372347726,2,2,1,1
171,0.235,0.16245827710690064,3,T12,7,2,0.0,25.0,193.89817906222152,32.0,0.0560451372347726,2,2,1,1
172,0.225,0.16245827710690064,3,T12,8,2,0.0,25.0,193.89817906222152,32.0,0.0560451372347726,2,2,14,1
173,0.265,0.18983717422265822,3,T12,9,2,0.0,25.0,226.49394301567477,32.0,0.0560451372347726,2,2,1,1
174,0.275,0.21731722613392834,3,T12,10,2,0.0,25.0,259.18165835094084,32.0,0.0560451372347726,2,2,1,1
175,0.365,0.24491561040297452,3,T12,11,2,0.0,25.0,291.9789584534265,32.0,0.0560451372347726,2,2,1,1
176,0.15,0.11108465284333614,3,T21,3,1,0.0,35.0,194.6055440056875,16.0,0.032692996720284,2,2,1,1
177,0.175,0.13899042212518337,3,T21,4,1,0.0,35.0,243.5206342110617,16.0,0.032692996720284,2,2,1,1
178,0.225,0.16695300960997836,3,T21,5,1,0.0,35.0,292.5475844856909,16.0,0.032692996720284,2,2,1,1
179,0.25,0.16695300960997836,3,T21,6,1,0.0,35.0,292.5475844856909,16.0,0.032692996720284,2,2,14,1
180,0.275,0.19496254163818338,3,T21,7,1,0.0,35.0,341.66975002144864,16.0,0.032692996720284,2,2,1,1
181,0.125,0.13303278411263583,3,T21,3,2,0.0,35.0,194.6055440056875,16.0,0.032692996720284,2,2,1,1
182,0.15,0.16650250917268916,3,T21,4,2,0.0,35.0,243.5206342110617,16.0,0.032692996720284,2,2,1,1
183,0.2,0.2000625210823091,3,T21,5,2,0.0,35.0,292.5475844856909,16.0,0.032692996720284,2,2,1,1
184,0.225,0.2000625210823091,3,T21,6,2,0.0,35.0,292.5475844856909,16.0,0.032692996720284,2,2,14,1
185,0.25,0.2337021783504178,3,T21,7,2,0.0,35.0,341.66975002144864,16.0,0.032692996720284,2,2,1,1
186,0.1,0.08086388751470255,3,T27,2,1,0.0,34.0,152.8948062856266,16.0,0.0467585883324992,2,2,1,1
187,0.115,0.10800690868227546,3,T27,3,1,0.0,34.0,204.28071081889937,16.0,0.0467585883324992,2,2,1,1
188,0.165,0.13524615309564972,3,T27,4,1,0.0,34.0,255.88711336937436,16.0,0.0467585883324992,2,2,1,1
189,0.225,0.16260336344500417,3,T27,5,1,0.0,34.0,307.7601155655561,16.0,0.0467585883324992,2,2,1,1
190,0.2,0.16260336344500417,3,T27,6,1,0.0,34.0,307.7601155655561,16.0,0.0467585883324992,2,2,14,1
191,0.085,0.10160769811349588,3,T27,2,2,0.0,34.0,152.8948062856266,16.0,0.0467585883324992,2,2,1,1
192,0.15,0.13585580305442596,3,T27,3,2,0.0,34.0,204.28071081889937,16.0,0.0467585883324992,2,2,1,1
193,0.225,0.1703095445371832,3,T27,4,2,0.0,34.0,255.88711336937436,16.0,0.0467585883324992,2,2,1,1
194,0.3,0.20500727677262967,3,T27,5,2,0.0,34.0,307.7601155655561,16.0,0.0467585883324992,2,2,1,1
195,0.35,0.20500727677262967,3,T27,6,2,0.0,34.0,307.7601155655561,16.0,0.0467585883324992,2,2,14,1
196,0.1,0.16527717075813902,3,T7,3,1,0.0,40.0,201.2933795699474,32.0,0.0410330469040299,2,2,1,1
197,0.15,0.206942146778484,3,T7,4,1,0.0,40.0,252.16267081649096,32.0,0.0410330469040299,2,2,1,1
198,0.17,0.24875385298128713,3,T7,5,1,0.0,40.0,303.275932890277,32.0,0.0410330469040299,2,2,1,1
199,0.2,0.24875385298128713,3,T7,6,1,0.0,40.0,303.275932890277,32.0,0.0410330469040299,2,2,14,1
200,0.1,0.21514507277298867,3,T7,3,2,0.0,40.0,201.2933795699474,32.0,0.0410330469040299,2,2,1,1
201,0.1,0.26974567884433104,3,T7,4,2,0.0,40.0,252.16267081649096,32.0,0.0410330469040299,2,2,1,1
202,0.13,0.32472794429288676,3,T7,5,2,0.0,40.0,303.275932890277,32.0,0.0410330469040299,2,2,1,1
203,0.17,0.32472794429288676,3,T7,6,2,0.0,40.0,303.275932890277,32.0,0.0410330469040299,2,2,14,1
204,0.136,0.17082802969850042,4,PL 15/210,1,2,0.0,15.0,243.35326618080765,10.0,0.0112199737628206,2,2,1,1
205,0.204,0.20535251099366944,4,PL 15/210,2,2,0.0,15.0,292.3888899856995,10.0,0.0112199737628206,2,2,1,1
206,0.224,0.20535251099366944,4,PL 15/210,3,2,0.0,15.0,292.3888899856995,10.0,0.0112199737628206,2,2,14,1
207,0.272,0.2400267925599151,4,PL 15/210,4,2,0.0,15.0,341.58162732875564,10.0,0.0112199737628206,2,2,1,1
208,0.096,0.15312604955820724,4,PL 15/221,1,2,0.0,16.0,243.70116358434151,8.0,0.0110647288428319,2,2,1,1
209,0.15,0.1841648168715496,4,PL 15/221,2,2,0.0,16.0,292.92455816193325,8.0,0.0110647288428319,2,2,1,1
210,0.159,0.1841648168715496,4,PL 15/221,3,2,0.0,16.0,292.92455816193325,8.0,0.0110647288428319,2,2,14,1
211,0.096,0.12428742276308624,4,PL 15/239,3,2,0.0,16.5,194.7162706794225,8.0,0.0109732848028085,1,2,1,1
212,0.117,0.15572105266169525,4,PL 15/239,4,2,0.0,16.5,243.8584970581364,8.0,0.0109732848028085,2,2,1,1
213,0.117,0.15572105266169525,4,PL 15/239,5,2,0.0,16.5,243.8584970581364,8.0,0.0109732848028085,2,2,14,1
214,0.15,0.14339630975110243,4,PL 15/255,3,2,0.0,16.0,185.22253352522733,12.0,0.0122399713776225,2,2,1,1
215,0.196,0.1801115269980932,4,PL 15/255,4,2,0.0,16.0,232.32787112369445,12.0,0.0122399713776225,2,2,1,1
216,0.224,0.1801115269980932,4,PL 15/255,5,2,0.0,16.0,232.32787112369445,12.0,0.0122399713776225,2,2,14,1
217,0.27,0.21710634637269904,4,PL 15/255,6,2,0.0,16.0,279.6369067709714,12.0,0.0122399713776225,2,2,1,1
218,0.306,0.2545543158858167,4,PL 15/255,7,2,0.0,16.0,327.3509133740737,12.0,0.0122399713776225,2,2,1,1
219,0.16,0.14280183593612156,4,PL 30/204,2,2,0.0,16.0,193.47635003016185,16.0,0.0161729351536154,2,2,1,1
220,0.256,0.17890342255200703,4,PL 30/204,3,2,0.0,16.0,242.2956083701096,16.0,0.0161729351536154,2,2,1,1
221,0.28,0.17890342255200703,4,PL 30/204,4,2,0.0,16.0,242.2956083701096,16.0,0.0161729351536154,2,2,14,1
222,0.36,0.21514733223418414,4,PL 30/204,5,2,0.0,16.0,291.26478872263954,16.0,0.0161729351536154,2,2,1,1
223,0.172,0.1546123333913629,4,PL 30/240,2,2,0.0,16.600000000000023,205.1188243937531,16.0,0.0147798357686636,2,2,1,1
224,0.254,0.1938674110995079,4,PL 30/240,3,2,0.0,16.600000000000023,257.06298639176816,16.0,0.0147798357686636,2,2,1,1
225,0.21,0.1938674110995079,4,PL 30/240,4,2,0.0,16.600000000000023,257.06298639176816,16.0,0.0147798357686636,2,2,14,1
226,0.25,0.23328240415123733,4,PL 30/240,5,2,0.0,16.600000000000023,309.1558711714947,16.0,0.0147798357686636,2,2,1,1
227,0.216,0.1423578864999034,4,PL 30/256,3,2,0.0,17.0,186.065979935934,16.0,0.0159572960182338,2,2,1,1
228,0.274,0.17855156854954796,4,PL 30/256,4,2,0.0,17.0,233.2310243109972,16.0,0.0159572960182338,2,2,1,1
229,0.304,0.17855156854954796,4,PL 30/256,5,2,0.0,17.0,233.2310243109972,16.0,0.0159572960182338,2,2,14,1
230,0.3,0.2149120409402685,4,PL 30/256,6,2,0.0,17.0,280.54682760243924,16.0,0.0159572960182338,2,2,1,1
231,0.384,0.2515915143395827,4,PL 30/256,7,2,0.0,17.0,328.204281362172,16.0,0.0159572960182338,2,2,1,1
232,0.2,0.1858082344921522,6,B3,2,1,0.0,35.0,276.37030428997315,16.0,0.021795331146856,2,2,1,1
233,0.23,0.1858082344921522,6,B3,3,1,0.0,35.0,276.37030428997315,16.0,0.021795331146856,2,2,100,1
234,0.24,0.1858082344921522,6,B3,4,1,0.0,35.0,276.37030428997315,16.0,0.021795331146856,2,2,500,1
235,0.24,0.1858082344921522,6,B3,5,1,0.0,35.0,276.37030428997315,16.0,0.021795331146856,2,2,1000,1
236,0.25,0.1858082344921522,6,B3,6,1,0.0,35.0,276.37030428997315,16.0,0.021795331146856,2,2,2500,1
237,0.25,0.1858082344921522,6,B3,7,1,0.0,35.0,276.37030428997315,16.0,0.021795331146856,2,2,10000,1
238,0.21,0.19579374085565526,6,B4,2,1,0.0,35.0,275.8007277544337,16.0,0.021795331146856,2,2,1,1
239,0.19,0.19181838912797,6,B5,2,1,0.0,35.0,276.3105447558619,22.0,0.0324899753063559,2,2,1,1
240,0.21,0.19181838912797,6,B5,3,1,0.0,35.0,276.3105447558619,22.0,0.0324899753063559,2,2,100,1
241,0.21,0.19181838912797,6,B5,4,1,0.0,35.0,276.3105447558619,22.0,0.0324899753063559,2,2,500,1
242,0.21,0.19181838912797,6,B5,5,1,0.0,35.0,276.3105447558619,22.0,0.0324899753063559,2,2,1000,1
243,0.21,0.19181838912797,6,B5,6,1,0.0,35.0,276.3105447558619,22.0,0.0324899753063559,2,2,2500,1
244,0.21,0.19181838912797,6,B5,7,1,0.0,35.0,276.3105447558619,22.0,0.0324899753063559,2,2,10000,1
245,0.26,0.20077882257528695,6,B6,2,1,0.0,35.0,275.4852032479558,22.0,0.0324899753063559,2,2,1,1
246,0.28,0.20077882257528695,6,B6,3,1,0.0,35.0,275.4852032479558,22.0,0.0324899753063559,2,2,100,1
247,0.28,0.20077882257528695,6,B6,4,1,0.0,35.0,275.4852032479558,22.0,0.0324899753063559,2,2,500,1
248,0.29,0.20077882257528695,6,B6,5,1,0.0,35.0,275.4852032479558,22.0,0.0324899753063559,2,2,1000,1
249,0.29,0.20077882257528695,6,B6,6,1,0.0,35.0,275.4852032479558,22.0,0.0324899753063559,2,2,2500,1
250,0.29,0.20077882257528695,6,B6,7,1,0.0,35.0,275.4852032479558,22.0,0.0324899753063559,2,2,10000,1
251,0.28,0.20077882257528695,6,B6,8,1,0.0,35.0,275.4852032479558,22.0,0.0324899753063559,2,2,20000,1
252,0.28,0.20077882257528695,6,B6,9,1,0.0,35.0,275.4852032479558,22.0,0.0324899753063559,2,2,30000,1
253,0.29,0.20077882257528695,6,B6,10,1,0.0,35.0,275.4852032479558,22.0,0.0324899753063559,2,2,50000,1
254,0.28,0.2075802432508329,6,T10,2,1,0.0,43.0,276.5044871117841,16.0,0.020464318557735,2,2,1,1
255,0.32,0.2075802432508329,6,T10,3,1,0.0,43.0,276.5044871117841,16.0,0.020464318557735,2,2,1000,1
256,0.31,0.18389840756624845,6,T11,2,1,0.0,36.0,273.0142502467414,16.0,0.0216195623472846,2,2,1,1
257,0.34,0.18389840756624845,6,T11,3,1,0.0,36.0,273.0142502467414,16.0,0.0216195623472846,2,2,1000,1
258,0.3,0.21267698281334949,6,6T12,2,1,0.0,46.0,277.9637447229746,16.0,0.0200061621721141,2,2,1,1
259,0.31,0.21267698281334949,6,6T12,3,1,0.0,46.0,277.9637447229746,16.0,0.0200061621721141,2,2,1000,1
260,0.27,0.20113155847672323,6,T15,2,1,0.0,30.0,275.04426187123977,28.0,0.0533118753336449,2,2,1,1
261,0.27,0.20113155847672323,6,T15,3,1,0.0,30.0,275.04426187123977,28.0,0.0533118753336449,2,2,1000,1
262,0.09,0.12560657763059982,6,T2,1,1,0.0,38.0,194.52093300409408,12.0,0.0160421752523734,2,2,1,1
263,0.27,0.17867549893951826,6,6T9,2,1,0.0,33.0,271.40863058700427,16.0,0.022155584554242,2,2,1,1
264,0.32,0.17867549893951826,6,6T9,3,1,0.0,33.0,271.40863058700427,16.0,0.022155584554242,2,2,1000,1
265,0.1,0.20645078908773662,21,B1-a,2,2,0.0,40.0,186.48707385253232,16.0,0.0125663706143591,1,2,1,1
266,0.15,0.23560402141451603,21,B1-a,3,2,0.0,40.0,212.80292522173136,16.0,0.0125663706143591,1,2,1,1
267,0.2,0.2647770244628327,21,B1-a,4,2,0.0,40.0,239.13170230596407,16.0,0.0125663706143591,1,2,1,1
268,0.25,0.2939704912757088,21,B1-a,5,2,0.0,40.0,265.47387467795244,16.0,0.0125663706143591,1,2,1,1
269,0.28,0.3231851529737497,21,B1-a,6,2,0.0,40.0,291.82993813712864,16.0,0.0125663706143591,1,2,1,1
270,0.28,0.35242178165941696,21,B1-a,7,2,0.0,40.0,318.2004167269259,16.0,0.0125663706143591,2,2,1,1
271,0.3,0.3816811936312582,21,B1-a,8,2,0.0,40.0,344.58586497226656,16.0,0.0125663706143591,2,2,1,1
272,0.1,0.20631184125766075,21,B1-b,1,2,0.0,40.0,186.40820390943315,16.0,0.0125663706143591,1,2,1,1
273,0.15,0.23544227677963445,21,B1-b,2,2,0.0,40.0,212.71088071422784,16.0,0.0125663706143591,1,2,1,1
274,0.2,0.2645915989726866,21,B1-b,3,2,0.0,40.0,239.02591551559152,16.0,0.0125663706143591,1,2,1,1
275,0.25,0.2937604674498238,21,B1-b,4,2,0.0,40.0,265.35375582080536,16.0,0.0125663706143591,1,2,1,1
276,0.28,0.32294957777870215,21,B1-b,5,2,0.0,40.0,291.6948739393421,16.0,0.0125663706143591,1,2,1,1
277,0.28,0.35215966420735173,21,B1-b,6,2,0.0,40.0,318.0497688808154,16.0,0.0125663706143591,2,2,1,1
278,0.3,0.3813915026646304,21,B1-b,7,2,0.0,40.0,344.41896844652706,16.0,0.0125663706143591,2,2,1,1
279,0.1,0.15122465673111643,21,B2-a,1,2,0.0,25.0,185.35403684504996,16.0,0.0157460983498901,1,2,1,1
280,0.15,0.17272156471032774,21,B2-a,2,2,0.0,25.0,211.68842234929824,16.0,0.0157460983498901,1,2,1,1
281,0.18,0.1942328072560382,21,B2-a,3,2,0.0,25.0,238.0365519574032,16.0,0.0157460983498901,1,2,1,1
282,0.18,0.21575889310867552,21,B2-a,4,2,0.0,25.0,264.3989270255051,16.0,0.0157460983498901,1,2,1,1
283,0.25,0.23730035934728608,21,B2-a,5,2,0.0,25.0,290.7760771869915,16.0,0.0157460983498901,2,2,1,1
284,0.28,0.2588577736073203,21,B2-a,6,2,0.0,25.0,317.1685625843991,16.0,0.0157460983498901,2,2,1,1
285,0.33,0.28043173649551584,21,B2-a,7,2,0.0,25.0,343.5769762955359,16.0,0.0157460983498901,2,2,1,1
286,0.08,0.1296828799498069,21,B2-b,1,2,0.0,25.0,158.98272850253613,16.0,0.0157460983498901,1,2,1,1
287,0.1,0.15115477230617635,21,B2-b,2,2,0.0,25.0,185.29417522356212,16.0,0.0157460983498901,1,2,1,1
288,0.15,0.17264006232194912,21,B2-b,3,2,0.0,25.0,211.6184619004749,16.0,0.0157460983498901,1,2,1,1
289,0.18,0.19413921528450037,21,B2-b,4,2,0.0,25.0,237.9560471225882,16.0,0.0157460983498901,1,2,1,1
290,0.18,0.21565272174143166,21,B2-b,5,2,0.0,25.0,264.3074146967447,16.0,0.0157460983498901,1,2,1,1
291,0.25,0.23718109941362717,21,B2-b,6,2,0.0,25.0,290.67307557197984,16.0,0.0157460983498901,2,2,1,1
292,0.28,0.2587248952750882,21,B2-b,7,2,0.0,25.0,317.053569928856,16.0,0.0157460983498901,2,2,1,1
293,0.33,0.2802846878754274,21,B2-b,8,2,0.0,25.0,343.44946952020194,16.0,0.0157460983498901,2,2,1,1
294,0.08,0.12844930542036692,21,B3-a,1,2,0.0,25.0,178.90117961623108,16.0,0.0213517093624509,1,2,1,1
295,0.1,0.1412685607162442,21,B3-a,2,2,0.0,25.0,196.74238877287848,16.0,0.0213517093624509,1,2,1,1
296,0.1,0.15409605551833275,21,B3-a,3,2,0.0,25.0,214.59243406138305,16.0,0.0213517093624509,2,2,1,1
297,0.13,0.16693204620255525,21,B3-a,4,2,0.0,25.0,232.4515983134558,16.0,0.0213517093624509,2,2,1,1
298,0.15,0.1797768015782454,21,B3-a,5,2,0.0,25.0,250.32017825099103,16.0,0.0213517093624509,2,2,1,1
299,0.18,0.19263060372707744,21,B3-a,6,2,0.0,25.0,268.1984854301332,16.0,0.0213517093624509,2,2,1,1
300,0.18,0.20549374890932862,21,B3-a,7,2,0.0,25.0,286.08684726028963,16.0,0.0213517093624509,2,2,1,1
301,0.2,0.21836654856062818,21,B3-a,8,2,0.0,25.0,303.9856081272825,16.0,0.0213517093624509,2,2,1,1
302,0.2,0.2312493303704516,21,B3-a,9,2,0.0,25.0,321.8951306073301,16.0,0.0213517093624509,2,2,1,1
303,0.05,0.11562298615213926,21,B3-b,2,2,0.0,25.0,161.05426311128662,16.0,0.0213517093624509,1,2,1,1
304,0.08,0.12843228640392917,21,B3-b,3,2,0.0,25.0,178.88501764805744,16.0,0.0213517093624509,1,2,1,1
305,0.1,0.14124951543979797,21,B3-b,4,2,0.0,25.0,196.72426905263427,16.0,0.0213517093624509,1,2,1,1
306,0.1,0.15407491576879695,21,B3-b,5,2,0.0,25.0,214.57228476494467,16.0,0.0213517093624509,2,2,1,1
307,0.13,0.16690874143940954,21,B3-b,6,2,0.0,25.0,232.42934511427356,16.0,0.0213517093624509,2,2,1,1
308,0.15,0.17975125880145162,21,B3-b,7,2,0.0,25.0,250.29574417627157,16.0,0.0213517093624509,2,2,1,1
309,0.18,0.19260274733310884,21,B3-b,8,2,0.0,25.0,268.1717907036169,16.0,0.0213517093624509,2,2,1,1
310,0.18,0.20546350054250392,21,B3-b,9,2,0.0,25.0,286.0578091414208,16.0,0.0213517093624509,2,2,1,1
311,0.2,0.21833382693890327,21,B3-b,10,2,0.0,25.0,303.9541407193404,16.0,0.0213517093624509,2,2,1,1
312,0.2,0.2312140511096036,21,B3-b,11,2,0.0,25.0,321.86114466660456,16.0,0.0213517093624509,2,2,1,1
313,0.2,0.2691398405689943,21,S1-a,2,2,0.0,25.0,258.107239778916,12.0,0.0117247911599867,1,2,1,1
314,0.25,0.3362629634709863,21,S1-a,3,2,0.0,25.0,322.4077902021114,12.0,0.0117247911599867,1,2,1,1
315,0.2,0.2690465848573557,21,S1-b,1,2,0.0,25.0,258.0567697207108,12.0,0.0117247911599867,1,2,1,1
316,0.25,0.3361415448531382,21,S1-b,2,2,0.0,25.0,322.3416661160002,12.0,0.0117247911599867,1,2,1,1
317,0.08,0.16101808059810735,21,S2-a,1,2,0.0,25.0,174.57883438699236,12.0,0.0112303722556499,1,2,1,1
318,0.13,0.2011723207426803,21,S2-a,2,2,0.0,25.0,218.06575374324476,12.0,0.0112303722556499,1,2,1,1
319,0.18,0.24138414395587962,21,S2-a,3,2,0.0,25.0,261.5932787714299,12.0,0.0112303722556499,1,2,1,1
320,0.23,0.2816574137072016,21,S2-a,4,2,0.0,25.0,305.16426189500254,12.0,0.0112303722556499,2,2,1,1
321,0.25,0.3219964070661519,21,S2-a,5,2,0.0,25.0,348.78186739506776,12.0,0.0112303722556499,2,2,1,1
322,0.08,0.1609977245794216,21,S2-b,1,2,0.0,25.0,174.56685149727403,12.0,0.0112303722556499,1,2,1,1
323,0.13,0.20114598926556926,21,S2-b,2,2,0.0,25.0,218.0501651190947,12.0,0.0112303722556499,1,2,1,1
324,0.18,0.24135142212162722,21,S2-b,3,2,0.0,25.0,261.57379893688613,12.0,0.0112303722556499,1,2,1,1
325,0.23,0.2816178562684239,21,S2-b,4,2,0.0,25.0,305.14058374568793,12.0,0.0112303722556499,2,2,1,1
326,0.25,0.32194953463638626,21,S2-b,5,2,0.0,25.0,348.75365943926323,12.0,0.0112303722556499,2,2,1,1
327,0.08,0.14022691238576207,21,S3-a,2,2,0.0,25.0,165.4876908022528,12.0,0.0124282786295859,1,2,1,1
328,0.1,0.16825558966936238,21,S3-a,3,2,0.0,25.0,198.51774047277695,12.0,0.0124282786295859,1,2,1,1
329,0.13,0.19632607867694948,21,S3-a,4,2,0.0,25.0,231.57928105375305,12.0,0.0124282786295859,1,2,1,1
330,0.18,0.2244409364047852,21,S3-a,5,2,0.0,25.0,264.6743284446695,12.0,0.0124282786295859,2,2,1,1
331,0.2,0.2526029692007388,21,S3-a,6,2,0.0,25.0,297.8050992075222,12.0,0.0124282786295859,2,2,1,1
332,0.23,0.2808152672613029,21,S3-a,7,2,0.0,25.0,330.9740386455995,12.0,0.0124282786295859,2,2,1,1
333,0.08,0.1402072476882153,21,S3-b,2,2,0.0,25.0,165.4754290510576,12.0,0.0124282786295859,1,2,1,1
334,0.1,0.1682312466821927,21,S3-b,3,2,0.0,25.0,198.5024816541533,12.0,0.0124282786295859,1,2,1,1
335,0.13,0.1962967661915449,21,S3-b,4,2,0.0,25.0,231.5608121013509,12.0,0.0124282786295859,1,2,1,1
336,0.18,0.22440634356485256,21,S3-b,5,2,0.0,25.0,264.6524214254467,12.0,0.0124282786295859,2,2,1,1
337,0.2,0.2525627632401236,21,S3-b,6,2,0.0,25.0,297.7795095699741,12.0,0.0124282786295859,2,2,1,1
338,0.23,0.28076909088304447,21,S3-b,7,2,0.0,25.0,330.944503190741,12.0,0.0124282786295859,2,2,1,1
339,0.1,0.25556727981246796,23,BSTN2-16,2,1,0.0,50.0,306.4099558681368,16.0,0.0145697050601265,2,2,1,1
340,0.1,0.18648893205203068,23,BSTN3-16,3,1,0.0,50.0,258.5445369133508,16.0,0.0218545575901898,2,2,1,1
341,0.15,0.242166555673675,23,BSTN3-16,4,1,0.0,50.0,336.12961455129783,16.0,0.0218545575901898,2,2,1,1
342,0.1,0.20837828124449229,23,BSTS2-16,2,1,0.0,50.0,248.3147755384261,16.0,0.0145697050601265,2,2,1,1
343,0.125,0.2750109012544778,23,BSTS2-16,3,1,0.0,50.0,327.83396005171653,16.0,0.0145697050601265,2,2,1,1
344,0.075,0.1614672460361774,23,BSTS3-16,2,1,0.0,50.0,222.08836549568804,16.0,0.0218545575901898,2,2,1,1
345,0.125,0.19281373870501572,23,BSTS3-16,3,1,0.0,50.0,265.2877285036615,16.0,0.0218545575901898,2,2,1,1
346,0.175,0.23993211824892513,23,BSTS3-16,4,1,0.0,50.0,330.2826563331676,16.0,0.0218545575901898,2,2,1,1
347,0.125,0.21033052731116858,23,SLTN4-12B,1,1,0.0,20.0,335.7148356426724,12.0,0.0109590441404295,2,2,1,1
348,0.075,0.18893109905721273,23,SSTN4-12,1,1,0.0,20.0,295.22029490396284,12.0,0.0111447906512842,2,2,1,1
349,0.125,0.1856907762576451,23,SSTS4-12,1,1,0.0,20.0,293.5186810619408,12.0,0.0109590441404295,2,2,1,1
350,0.25,0.14355059310935814,24,25-20-00,11,1,0.0,32.0,186.23246038213583,22.483870967741936,0.0210038707586994,2,2,1,1
351,0.363,0.2106102968416438,24,25-20-00,12,1,0.0,32.0,273.91348406242673,22.483870967741936,0.0213705643150296,2,2,1,1
352,0.287,0.20519503011926585,24,25-20-00,11,2,0.0,32.0,186.23246038213583,22.483870967741936,0.0210038707586994,2,2,1,1
353,0.43,0.30322812169153807,24,25-20-00,12,2,0.0,32.0,273.91348406242673,22.483870967741936,0.0213705643150296,2,2,1,1
354,0.204,0.16021631130119768,24,25-20-10,5,1,0.0,32.0,207.97451832082945,22.483870967741936,0.0210897310978935,2,2,1,1
355,0.304,0.2445918615973313,24,25-20-10,6,1,0.0,32.0,318.5678331023331,22.483870967741936,0.0215813227149645,2,2,1,1
356,0.336,0.22940319438546367,24,25-20-10,5,2,0.0,32.0,207.97451832082945,22.483870967741936,0.0210897310978935,2,2,1,1
357,0.391,0.3536205546468388,24,25-20-10,6,2,0.0,32.0,318.5678331023331,22.483870967741936,0.0215813227149645,2,2,1,1
358,0.271,0.16021631130119768,24,25-20-30,5,1,0.0,32.0,207.97451832082945,22.483870967741936,0.0210897310978935,2,2,1,1
359,0.406,0.2445918615973313,24,25-20-30,6,1,0.0,32.0,318.5678331023331,22.483870967741936,0.0215813227149645,2,2,1,1
360,0.336,0.22940319438546367,24,25-20-30,5,2,0.0,32.0,207.97451832082945,22.483870967741936,0.0210897310978935,2,2,1,1
361,0.08,0.10750937225079037,25,S1-1,2,1,0.0,23.0,248.2063093283926,10.0,0.0226194671058465,2,2,1,1
362,0.1,0.15012466428971474,25,S1-1,3,1,0.0,23.0,346.6823990890687,10.0,0.0226194671058465,2,2,1,1
363,0.102,0.11147583353800802,25,S1-2,3,1,0.0,19.0,257.00422465055607,14.0,0.029782162209004,2,2,1,1
364,0.142,0.12694721450853663,25,S1-2,4,1,0.0,19.0,292.70412435112644,14.0,0.029782162209004,2,2,1,1
365,0.12,0.19008715631945397,25,S1-4,3,1,0.0,20.0,296.2285031211348,22.0,0.0250251949364295,2,2,1,1
366,0.14,0.2103107898597545,25,S1-4,4,1,0.0,20.0,327.7819575092597,22.0,0.0250251949364295,2,2,1,1
367,0.084,0.15246607318039762,29,250-10-1,1,1,0.0,35.0,225.95543504342072,10.0,0.0087266462599716,1,2,1,1
368,0.105,0.16866213294224938,29,250-10-1,2,1,0.0,35.0,249.98516590922011,10.0,0.0087266462599716,1,2,1,1
369,0.13,0.18040505024170417,29,250-10-1,3,1,0.0,35.0,267.41136207536704,10.0,0.0087266462599716,1,2,1,1
370,0.148,0.19581743356230602,29,250-10-1,4,1,0.0,35.0,290.28749104320946,10.0,0.0087266462599716,1,2,1,1
371,0.169,0.2090708313123074,29,250-10-1,5,1,0.0,35.0,309.96329272782856,10.0,0.0087266462599716,1,2,1,1
372,0.188,0.22215208391998165,29,250-10-1,6,1,0.0,35.0,329.3873966926612,10.0,0.0087266462599716,1,2,1,1
373,0.105,0.1666363170030974,29,250-10-2,2,1,0.0,35.0,246.90835672759144,10.0,0.0087266462599716,1,2,1,1
374,0.13,0.18247987142652472,29,250-10-2,3,1,0.0,35.0,270.4119162930557,10.0,0.0087266462599716,1,2,1,1
375,0.148,0.19395814596628042,29,250-10-2,4,1,0.0,35.0,287.4429380457216,10.0,0.0087266462599716,1,2,1,1
376,0.169,0.20914984446922313,29,250-10-2,5,1,0.0,35.0,309.98807834121953,10.0,0.0087266462599716,1,2,1,1
377,0.188,0.22324275377104488,29,250-10-2,6,1,0.0,35.0,330.9070056152656,10.0,0.0087266462599716,1,2,1,1
378,0.102,0.11254190814780948,29,350-20-1,4,1,0.0,30.0,160.62962605538334,20.0,0.0224399475256413,2,2,1,1
379,0.132,0.1363157021783492,29,350-20-1,5,1,0.0,30.0,194.6276092498548,20.0,0.0224399475256413,2,2,1,1
380,0.158,0.1602829157281162,29,350-20-1,6,1,0.0,30.0,228.92836979721167,20.0,0.0224399475256413,2,2,1,1
381,0.195,0.18419549856163678,29,350-20-1,7,1,0.0,30.0,263.17868006540454,20.0,0.0224399475256413,2,2,1,1
382,0.231,0.2081048759305985,29,350-20-1,8,1,0.0,30.0,297.45380358689647,20.0,0.0224399475256413,2,2,1,1
383,0.102,0.11235055980272148,29,350-20-2,4,1,0.0,30.0,160.33986178809218,20.0,0.0224399475256413,2,2,1,1
384,0.132,0.136265013682433,29,350-20-2,5,1,0.0,30.0,194.53415105678584,20.0,0.0224399475256413,2,2,1,1
385,0.158,0.16022674788501703,29,350-20-2,6,1,0.0,30.0,228.82176297948612,20.0,0.0224399475256413,2,2,1,1
386,0.195,0.18384085874673442,29,350-20-2,7,1,0.0,30.0,262.6386048152277,20.0,0.0224399475256413,2,2,1,1
387,0.231,0.20766932753081738,29,350-20-2,8,1,0.0,30.0,296.79087284598705,20.0,0.0224399475256413,2,2,1,1
388,0.164,0.2550589287158328,30,S2UND,1,1,0.0,40.0,247.4465690647976,16.0,0.0098174770424681,1,2,1,1
389,0.182,0.2681119672612722,30,S2UND,2,1,0.0,40.0,260.1259571452145,16.0,0.0098174770424681,1,2,1,1
390,0.206,0.2789906382575257,30,S2UND,3,1,0.0,40.0,270.694476992154,16.0,0.0098174770424681,1,2,1,1
391,0.23,0.2920464248893436,30,S2UND,4,1,0.0,40.0,283.3795638641911,16.0,0.0098174770424681,1,2,1,1
392,0.253,0.30292741006693685,30,S2UND,5,1,0.0,40.0,293.9528772317248,16.0,0.0098174770424681,1,2,1,1
393,0.282,0.31598600313870306,30,S2UND,6,1,0.0,40.0,306.6437706221276,16.0,0.0098174770424681,1,2,1,1
394,0.314,0.32686935192868904,30,S2UND,7,1,0.0,40.0,317.22196868931945,16.0,0.0098174770424681,1,2,1,1
395,0.347,0.3399308117436961,30,S2UND,8,1,0.0,40.0,329.91877973910005,16.0,0.0098174770424681,1,2,1,1
396,0.373,0.35299386137932803,30,S2UND,9,1,0.0,40.0,342.6188667165234,16.0,0.0098174770424681,1,2,1,1
