,meas_wm,wm_019,EPID,ELID,LOADID,locw,k1,cy,sigs,phi_eq_MC2020,rhoeff_MC2020,CS,epsin,Nrep,t
15,0.149,0.17548397274833738,1,2-32R1,3,2,0.0,35.00000000000002,265.04735031747714,12.7,0.0249525718711917,2,2,1,1
17,0.11,0.17548397274833738,1,2-32R1,3,1,0.0,35.00000000000002,265.04735031747714,12.7,0.0249525718711917,2,2,1,1
22,0.112,0.09762135994835623,1,2-8R,2,2,0.0,35.049999999999976,186.87876303806135,12.7,0.0349078066604171,2,2,1,1
23,0.155,0.1302685472471862,1,2-8R,3,2,0.0,35.049999999999976,249.3760073123149,12.7,0.0349078066604171,2,2,1,1
24,0.069,0.09762135994835623,1,2-8R,2,1,0.0,35.049999999999976,186.87876303806135,12.7,0.0349078066604171,2,2,1,1
25,0.11,0.1302685472471862,1,2-8R,3,1,0.0,35.049999999999976,249.3760073123149,12.7,0.0349078066604171,2,2,1,1
36,0.066,0.11096120814283487,2,R17,3,1,0.0,30.0,208.1364770305348,16.0,0.028519422670886,2,2,1,1
37,0.071,0.13912937994439065,2,R17,4,1,0.0,30.0,260.97317682222905,16.0,0.028519422670886,2,2,1,1
38,0.09,0.16749696581510237,2,R17,5,1,0.0,30.0,314.1839293348618,16.0,0.028519422670886,2,2,1,1
39,0.088,0.16749696581510237,2,R17,6,1,0.0,30.0,314.1839293348618,16.0,0.028519422670886,2,2,14,1
40,0.061,0.11096120814283487,2,R17,3,2,0.0,30.0,208.1364770305348,16.0,0.028519422670886,2,2,1,1
41,0.065,0.13912937994439065,2,R17,4,2,0.0,30.0,260.97317682222905,16.0,0.028519422670886,2,2,1,1
42,0.085,0.16749696581510237,2,R17,5,2,0.0,30.0,314.1839293348618,16.0,0.028519422670886,2,2,1,1
43,0.093,0.16749696581510237,2,R17,6,2,0.0,30.0,314.1839293348618,16.0,0.028519422670886,2,2,14,1
63,0.069,0.1067640821826545,2,R21,3,1,0.0,19.0,196.24104766651948,21.33333333333333,0.0264772911709954,2,2,1,1
64,0.08,0.13389117379531634,2,R21,4,1,0.0,19.0,246.1028435943572,21.33333333333333,0.0264772911709954,2,2,1,1
65,0.092,0.16123486288090788,2,R21,5,1,0.0,19.0,296.3627632557641,21.33333333333333,0.0264772911709954,2,2,1,1
66,0.119,0.16123486288090788,2,R21,6,1,0.0,19.0,296.3627632557641,21.33333333333333,0.0264772911709954,2,2,14,1
67,0.141,0.1888250520963215,2,R21,7,1,0.0,19.0,347.07577016090767,21.33333333333333,0.0264772911709954,2,2,1,1
68,0.077,0.1067640821826545,2,R21,3,2,0.0,19.0,196.24104766651948,21.33333333333333,0.0264772911709954,2,2,1,1
69,0.098,0.13389117379531634,2,R21,4,2,0.0,19.0,246.1028435943572,21.33333333333333,0.0264772911709954,2,2,1,1
70,0.119,0.16123486288090788,2,R21,5,2,0.0,19.0,296.3627632557641,21.33333333333333,0.0264772911709954,2,2,1,1
71,0.14,0.16123486288090788,2,R21,6,2,0.0,19.0,296.3627632557641,21.33333333333333,0.0264772911709954,2,2,14,1
72,0.157,0.1888250520963215,2,R21,7,2,0.0,19.0,347.07577016090767,21.33333333333333,0.0264772911709954,2,2,1,1
101,0.2,0.21736865928424193,2,R33,5,1,0.0,33.0,292.96214109351973,16.0,0.022155584554242,2,2,1,1
102,0.21,0.21736865928424193,2,R33,6,1,0.0,33.0,292.96214109351973,16.0,0.022155584554242,2,2,14,1
105,0.205,0.21736865928424193,2,R33,5,2,0.0,33.0,292.96214109351973,16.0,0.022155584554242,2,2,1,1
106,0.244,0.21736865928424193,2,R33,6,2,0.0,33.0,292.96214109351973,16.0,0.022155584554242,2,2,14,1
107,0.268,0.254270968281049,2,R33,7,2,0.0,33.0,342.69782741830073,16.0,0.022155584554242,2,2,1,1
110,0.17,0.21586302882011552,2,R49,5,2,0.0,33.0,293.4376437333642,16.0,0.022155584554242,2,2,1,1
111,0.17,0.21586302882011552,2,R49,6,2,0.0,33.0,293.4376437333642,16.0,0.022155584554242,2,2,14,1
112,0.209,0.2525460310076833,2,R49,7,2,0.0,33.0,343.30340252411946,16.0,0.022155584554242,2,2,1,1
115,0.144,0.21586302882011552,2,R49,5,1,0.0,33.0,293.4376437333642,16.0,0.022155584554242,2,2,1,1
116,0.144,0.21586302882011552,2,R49,6,1,0.0,33.0,293.4376437333642,16.0,0.022155584554242,2,2,14,1
117,0.149,0.2525460310076833,2,R49,7,1,0.0,33.0,343.30340252411946,16.0,0.022155584554242,2,2,1,1
131,0.117,0.18429057546238226,2,R61,3,1,0.0,29.0,199.3525027996041,26.0,0.0240784198846564,2,2,1,1
132,0.169,0.23117695617820438,2,R61,4,1,0.0,29.0,250.0708714381683,26.0,0.0240784198846564,2,2,1,1
133,0.183,0.23117695617820438,2,R61,5,1,0.0,29.0,250.0708714381683,26.0,0.0240784198846564,2,2,14,1
134,0.204,0.2784403742771168,2,R61,6,1,0.0,29.0,301.19709243586414,26.0,0.0240784198846564,2,2,1,1
135,0.118,0.18429057546238226,2,R61,3,2,0.0,29.0,199.3525027996041,26.0,0.0240784198846564,2,2,1,1
136,0.176,0.23117695617820438,2,R61,4,2,0.0,29.0,250.0708714381683,26.0,0.0240784198846564,2,2,1,1
137,0.184,0.23117695617820438,2,R61,5,2,0.0,29.0,250.0708714381683,26.0,0.0240784198846564,2,2,14,1
138,0.195,0.2784403742771168,2,R61,6,2,0.0,29.0,301.19709243586414,26.0,0.0240784198846564,2,2,1,1
139,0.079,0.17706117857778172,2,R66,3,1,0.0,25.5,198.67821080320627,26.0,0.0262673671468979,2,2,1,1
140,0.09,0.2219737782578653,2,R66,4,1,0.0,25.5,249.07409666951307,26.0,0.0262673671468979,2,2,1,1
141,0.096,0.2219737782578653,2,R66,5,1,0.0,25.5,249.07409666951307,26.0,0.0262673671468979,2,2,14,1
142,0.122,0.2672057788964862,2,R66,6,1,0.0,25.5,299.828378495232,26.0,0.0262673671468979,2,2,1,1
143,0.081,0.17706117857778172,2,R66,3,2,0.0,25.5,198.67821080320627,26.0,0.0262673671468979,2,2,1,1
144,0.107,0.2219737782578653,2,R66,4,2,0.0,25.5,249.07409666951307,26.0,0.0262673671468979,2,2,1,1
145,0.11,0.2219737782578653,2,R66,5,2,0.0,25.5,249.07409666951307,26.0,0.0262673671468979,2,2,14,1
146,0.131,0.2672057788964862,2,R66,6,2,0.0,25.5,299.828378495232,26.0,0.0262673671468979,2,2,1,1
147,0.091,0.18045824708125377,2,R67,3,1,0.0,27.5,198.26311602972385,26.0,0.0249702132137178,2,2,1,1
148,0.111,0.22622913470375325,2,R67,4,1,0.0,27.5,248.54997711951967,26.0,0.0249702132137178,2,2,1,1
149,0.118,0.22622913470375325,2,R67,5,1,0.0,27.5,248.54997711951967,26.0,0.0249702132137178,2,2,14,1
150,0.143,0.27232587584395157,2,R67,6,1,0.0,27.5,299.19484198488766,26.0,0.0249702132137178,2,2,1,1
151,0.098,0.18045824708125377,2,R67,3,2,0.0,27.5,198.26311602972385,26.0,0.0249702132137178,2,2,1,1
152,0.121,0.22622913470375325,2,R67,4,2,0.0,27.5,248.54997711951967,26.0,0.0249702132137178,2,2,1,1
153,0.132,0.22622913470375325,2,R67,5,2,0.0,27.5,248.54997711951967,26.0,0.0249702132137178,2,2,14,1
154,0.146,0.27232587584395157,2,R67,6,2,0.0,27.5,299.19484198488766,26.0,0.0249702132137178,2,2,1,1
155,0.115,0.13160484765584146,2,R68,4,1,0.0,28.0,198.4499757783497,26.0,0.0369985476276428,2,2,1,1
156,0.139,0.16533099096805692,2,R68,5,1,0.0,28.0,249.3064027460628,26.0,0.0369985476276428,2,2,1,1
157,0.172,0.16533099096805692,2,R68,6,1,0.0,28.0,249.3064027460628,26.0,0.0369985476276428,2,2,14,1
158,0.196,0.19949914473611324,2,R68,7,1,0.0,28.0,300.82934744331106,26.0,0.0369985476276428,2,2,1,1
159,0.12,0.13160484765584146,2,R68,4,2,0.0,28.0,198.4499757783497,26.0,0.0369985476276428,2,2,1,1
160,0.153,0.16533099096805692,2,R68,5,2,0.0,28.0,249.3064027460628,26.0,0.0369985476276428,2,2,1,1
161,0.172,0.16533099096805692,2,R68,6,2,0.0,28.0,249.3064027460628,26.0,0.0369985476276428,2,2,14,1
162,0.205,0.19949914473611324,2,R68,7,2,0.0,28.0,300.82934744331106,26.0,0.0369985476276428,2,2,1,1
168,0.129,0.1518404389798665,3,T12,10,1,0.0,25.0,259.1816583509407,32.0,0.0560451372347726,2,2,1,1
169,0.144,0.17105459354850536,3,T12,11,1,0.0,25.0,291.9789584533953,32.0,0.0560451372347726,2,2,1,1
175,0.134,0.1518404389798665,3,T12,10,2,0.0,25.0,259.1816583509407,32.0,0.0560451372347726,2,2,1,1
176,0.154,0.17105459354850536,3,T12,11,2,0.0,25.0,291.9789584533953,32.0,0.0560451372347726,2,2,1,1
198,0.062,0.18126603110402925,3,T7,4,1,0.0,40.0,252.16267081649107,32.0,0.0410330469040299,2,2,1,1
199,0.078,0.2180085756007833,3,T7,5,1,0.0,40.0,303.2759328902769,32.0,0.0410330469040299,2,2,1,1
200,0.09,0.2180085756007833,3,T7,6,1,0.0,40.0,303.2759328902769,32.0,0.0410330469040299,2,2,14,1
202,0.068,0.18126603110402925,3,T7,4,2,0.0,40.0,252.16267081649107,32.0,0.0410330469040299,2,2,1,1
203,0.085,0.2180085756007833,3,T7,5,2,0.0,40.0,303.2759328902769,32.0,0.0410330469040299,2,2,1,1
204,0.098,0.2180085756007833,3,T7,6,2,0.0,40.0,303.2759328902769,32.0,0.0410330469040299,2,2,14,1
216,0.115,0.20344077156796023,4,PL 15/255,4,2,0.0,16.0,232.32787112369445,12.0,0.0122399713776225,2,2,1,1
217,0.134,0.20344077156796023,4,PL 15/255,5,2,0.0,16.0,232.32787112369445,12.0,0.0122399713776225,2,2,14,1
218,0.156,0.2439375785439855,4,PL 15/255,6,2,0.0,16.0,279.6369067709714,12.0,0.0122399713776225,2,2,1,1
219,0.178,0.2844011081679525,4,PL 15/255,7,2,0.0,16.0,327.3509133740737,12.0,0.0122399713776225,2,2,1,1
232,0.22,0.38541781954173254,4,PL 30/256,7,2,0.0,17.0,328.204281362172,16.0,0.0159572960182338,2,2,1,1
240,0.11,0.17599568286648237,6,B5,2,1,0.0,35.0,276.3105447558619,22.0,0.0324899753063559,2,2,1,1
241,0.11,0.17599568286648237,6,B5,3,1,0.0,35.0,276.3105447558619,22.0,0.0324899753063559,2,2,100,1
242,0.11,0.17599568286648237,6,B5,4,1,0.0,35.0,276.3105447558619,22.0,0.0324899753063559,2,2,500,1
243,0.11,0.17599568286648237,6,B5,5,1,0.0,35.0,276.3105447558619,22.0,0.0324899753063559,2,2,1000,1
244,0.11,0.17599568286648237,6,B5,6,1,0.0,35.0,276.3105447558619,22.0,0.0324899753063559,2,2,2500,1
245,0.11,0.17599568286648237,6,B5,7,1,0.0,35.0,276.3105447558619,22.0,0.0324899753063559,2,2,10000,1
246,0.13,0.1737761428082402,6,B6,2,1,0.0,35.0,275.4852032479558,22.0,0.0324899753063559,2,2,1,1
247,0.14,0.1737761428082402,6,B6,3,1,0.0,35.0,275.4852032479558,22.0,0.0324899753063559,2,2,100,1
248,0.14,0.1737761428082402,6,B6,4,1,0.0,35.0,275.4852032479558,22.0,0.0324899753063559,2,2,500,1
249,0.14,0.1737761428082402,6,B6,5,1,0.0,35.0,275.4852032479558,22.0,0.0324899753063559,2,2,1000,1
250,0.14,0.1737761428082402,6,B6,6,1,0.0,35.0,275.4852032479558,22.0,0.0324899753063559,2,2,2500,1
251,0.14,0.1737761428082402,6,B6,7,1,0.0,35.0,275.4852032479558,22.0,0.0324899753063559,2,2,10000,1
252,0.14,0.1737761428082402,6,B6,8,1,0.0,35.0,275.4852032479558,22.0,0.0324899753063559,2,2,20000,1
253,0.14,0.1737761428082402,6,B6,9,1,0.0,35.0,275.4852032479558,22.0,0.0324899753063559,2,2,30000,1
254,0.14,0.1737761428082402,6,B6,10,1,0.0,35.0,275.4852032479558,22.0,0.0324899753063559,2,2,50000,1
266,0.055,0.0917261093431127,10,Specimen 1,5,2,0.0,30.0,173.5,16.0,0.0443213296398892,2,1a,1,1
267,0.064,0.0917261093431127,10,Specimen 2,5,2,0.0,30.0,173.5,16.0,0.0443213296398892,2,1a,1,1
268,0.077,0.0917261093431127,10,Specimen 3,5,2,0.0,30.0,173.5,16.0,0.0443213296398892,2,1a,1,1
269,0.071,0.09188471356676073,10,Specimen 5,5,2,0.0,30.0,173.79999999999998,16.0,0.0443213296398892,2,1a,1,1
270,0.203,0.21966537153402085,11,1B2a,1,2,0.0,47.0,298.71450000000004,6.0,0.0094247779607693,1,1a,1,1
271,0.222,0.21966537153402085,11,1B2a,3,2,0.0,47.0,298.71450000000004,6.0,0.0094247779607693,1,1a,10,1
272,0.261,0.2189439745831702,11,1B2a,7,2,0.0,47.0,297.7335,6.0,0.0094247779607693,1,1a,1,1
273,0.144,0.11409166350425076,11,1B2b,1,2,0.0,46.0,179.523,8.0,0.0125663706143591,1,1a,1,1
274,0.174,0.11446573453213356,11,1B2b,3,2,0.0,46.0,180.1116,8.0,0.0125663706143591,1,1a,1,1
275,0.177,0.11409166350425076,11,1B2b,6,2,0.0,46.0,179.523,8.0,0.0125663706143591,1,1a,1,1
276,0.274,0.2260434820290206,11,1B2c,7,2,0.0,45.0,290.7684,10.0,0.0157079632679489,2,1a,1,1
277,0.062,0.07399166355042035,11,2A2b,1,2,0.0,22.0,197.4753,6.0,0.0113097335529232,1,1a,1,1
278,0.069,0.07362409443193837,11,2A2b,3,2,0.0,22.0,196.4943,6.0,0.0113097335529232,1,1a,10,1
279,0.076,0.07399166355042035,11,2A2b,4,2,0.0,22.0,197.4753,6.0,0.0113097335529232,1,1a,30,1
280,0.103,0.1482563784459987,11,2A2b,6,2,0.0,22.0,291.55319999999995,6.0,0.0113097335529232,2,1a,1,1
281,0.069,0.07870047590426589,11,2A2d,7,2,0.0,21.0,180.504,8.0,0.0201061929829746,2,1a,1,1
282,0.08,0.11864952182523564,11,2A2d,8,2,0.0,21.0,272.1294,8.0,0.0201061929829746,2,1a,1,1
283,0.203,0.21908825397334036,11,2B2a,1,2,0.0,47.0,297.9297,6.0,0.0094247779607693,1,1a,1,1
284,0.188,0.2179340188519793,11,2B2a,3,2,0.0,47.0,296.3601,6.0,0.0094247779607693,1,1a,10,1
285,0.073,0.07402842046226855,11,3A2b,1,2,0.0,22.0,197.5734,6.0,0.0113097335529232,1,1a,1,1
286,0.078,0.07377112207933115,11,3A2b,4,2,0.0,22.0,196.8867,6.0,0.0113097335529232,1,1a,1,1
287,0.099,0.1481067253049025,11,3A2b,5,2,0.0,22.0,291.2589,6.0,0.0113097335529232,2,1a,1,1
288,0.073,0.08126679577070935,11,3A2d,5,2,0.0,21.0,186.39,8.0,0.0201061929829746,2,1a,1,1
289,0.109,0.12172910566496781,11,3A2d,6,2,0.0,21.0,279.1926,8.0,0.0201061929829746,2,1a,1,1
290,0.112,0.10804418188681233,11,3B2b,1,2,0.0,46.0,170.0073,8.0,0.0125663706143591,1,1a,1,1
291,0.124,0.12045087097825818,11,3B2b,2,2,0.0,46.0,189.5292,8.0,0.0125663706143591,1,1a,1,1
292,0.126,0.10710900431710535,11,3B2b,5,2,0.0,46.0,168.5358,8.0,0.0125663706143591,1,1a,1,1
293,0.175,0.17805780927220777,11,3B2b,6,2,0.0,46.0,280.1736,8.0,0.0125663706143591,1,1a,1,1
294,0.146,0.11480388651527182,11,3B2c,6,2,0.0,45.0,200.4183,10.0,0.0157079632679489,1,1a,1,1
295,0.066,0.07822918950393512,13,T1A,1,2,0.0,12.694999999999991,206.9,9.53,0.0153182244096857,1,1a,1,1
296,0.058,0.09123587930062614,13,T1A,2,2,0.0,12.694999999999991,241.3,9.53,0.0153182244096857,1,1a,1,1
297,0.056,0.14152337182853028,13,T1A,3,2,0.0,12.694999999999991,275.8,9.53,0.0153182244096857,2,1a,1,1
298,0.071,0.09126904402620829,13,T1B,2,2,0.0,12.697499999999994,241.3,9.525,0.0153021549385548,1,1a,1,1
299,0.077,0.14157481632411836,13,T1B,3,2,0.0,12.697499999999994,275.8,9.525,0.0153021549385548,2,1a,1,1
300,0.074,0.10859148769490228,13,T2B,1,2,0.0,19.050000000000004,206.9,11.3,0.0207261230256515,2,1a,1,1
301,0.081,0.12664633146824517,13,T2B,2,2,0.0,19.050000000000004,241.3,11.3,0.0207261230256515,2,1a,1,1
302,0.057,0.10259305234008365,13,T3B,1,2,0.0,19.050000000000004,206.9,12.7,0.0261799387799149,2,1a,1,1
303,0.065,0.11965057288381917,13,T3B,2,2,0.0,19.050000000000004,241.3,12.7,0.0261799387799149,2,1a,1,1
304,0.061,0.10101070278799601,13,T4A,2,2,0.0,12.700000000000022,241.3,11.3,0.0204921574484838,1,1a,1,1
305,0.05,0.12166298616219866,13,T5B,1,2,0.0,19.050000000000004,206.9,12.7,0.0186999562713678,2,1a,1,1
306,0.063,0.1418911481920664,13,T5B,2,2,0.0,19.050000000000004,241.3,12.7,0.0186999562713678,2,1a,1,1
307,0.051,0.11102747129620273,13,T6A,2,2,0.0,12.700000000000015,241.3,16.0,0.036419710186543,2,1a,1,1
308,0.051,0.10768051233499519,13,T6B,1,2,0.0,19.05000000000001,206.9,16.0,0.0296806299551749,2,1a,1,1
309,0.066,0.12558389379620272,13,T6B,2,2,0.0,19.05000000000001,241.3,16.0,0.0296806299551749,2,1a,1,1
310,0.061,0.11840727585063798,13,T7A,2,2,0.0,12.700000000000012,241.3,12.7,0.0249332750284904,1,1a,1,1
311,0.054,0.13750765627258452,13,T8A,2,2,0.0,12.699999999999989,241.3,16.0,0.0364197101865431,2,1a,1,1
312,0.066,0.13038565229195087,13,T8B,1,2,0.0,19.05000000000001,206.9,16.0,0.0278701663904414,2,1a,1,1
313,0.069,0.15206407877258457,13,T8B,2,2,0.0,19.05000000000001,241.3,16.0,0.0278701663904414,2,1a,1,1
314,0.065,0.10557730193024743,13,T9A,1,2,0.0,12.695,206.9,19.05,0.0480964221831084,2,1a,1,1
315,0.07,0.12313099543629148,13,T9A,2,2,0.0,12.695,241.3,19.05,0.0480964221831084,2,1a,1,1
316,0.077,0.14073571712113214,13,T9A,3,2,0.0,12.695,275.8,19.05,0.0480964221831084,2,1a,1,1
317,0.066,0.11805854443024741,13,T9B,1,2,0.0,19.044999999999995,206.9,19.05,0.0374064578546962,2,1a,1,1
318,0.073,0.13768741793629147,13,T9B,2,2,0.0,19.044999999999995,241.3,19.05,0.0374064578546962,2,1a,1,1
319,0.081,0.15737335212113213,13,T9B,3,2,0.0,19.044999999999995,275.8,19.05,0.0374064578546962,2,1a,1,1
320,0.052,0.11173648778799601,15,2A,2,1,0.0,19.05000000000002,241.3,11.3,0.0162082366025723,1,1a,1,1
321,0.067,0.17332352830106468,15,2A,3,1,0.0,19.05000000000002,275.8,11.3,0.0162082366025723,2,1a,1,1
322,0.08,0.1950046803184205,15,2A,4,1,0.0,19.05000000000002,310.3,11.3,0.0162082366025723,2,1a,1,1
323,0.067,0.1950046803184205,15,2B,4,1,0.0,19.05000000000002,310.3,11.3,0.0162082366025723,2,1a,1,1
324,0.059,0.11173648778799601,15,2C,2,1,0.0,19.05000000000002,241.3,11.3,0.0162082366025723,1,1a,1,1
325,0.083,0.17332352830106468,15,2C,3,1,0.0,19.05000000000002,275.8,11.3,0.0162082366025723,2,1a,1,1
326,0.085,0.1950046803184205,15,2C,4,1,0.0,19.05000000000002,310.3,11.3,0.0162082366025723,2,1a,1,1
327,0.068,0.09580720813649553,15,4A,1,1,0.0,19.05000000000002,206.9,11.3,0.0162082366025723,1,1a,1,1
328,0.077,0.15164237628370889,15,4A,2,1,0.0,19.05000000000002,241.3,11.3,0.0162082366025723,2,1a,1,1
329,0.086,0.17332352830106468,15,4A,3,1,0.0,19.05000000000002,275.8,11.3,0.0162082366025723,2,1a,1,1
330,0.106,0.1950046803184205,15,4A,4,1,0.0,19.05000000000002,310.3,11.3,0.0162082366025723,2,1a,1,1
331,0.062,0.09580720813649553,15,4B,1,1,0.0,19.05000000000002,206.9,11.3,0.0162082366025723,1,1a,1,1
332,0.075,0.15164237628370889,15,4B,2,1,0.0,19.05000000000002,241.3,11.3,0.0162082366025723,2,1a,1,1
333,0.096,0.17332352830106468,15,4B,3,1,0.0,19.05000000000002,275.8,11.3,0.0162082366025723,2,1a,1,1
334,0.116,0.1950046803184205,15,4B,4,1,0.0,19.05000000000002,310.3,11.3,0.0162082366025723,2,1a,1,1
335,0.078,0.09580720813649553,15,4C,1,1,0.0,19.05000000000002,206.9,11.3,0.0162082366025723,1,1a,1,1
336,0.085,0.15164237628370889,15,4C,2,1,0.0,19.05000000000002,241.3,11.3,0.0162082366025723,2,1a,1,1
337,0.107,0.17332352830106468,15,4C,3,1,0.0,19.05000000000002,275.8,11.3,0.0162082366025723,2,1a,1,1
338,0.125,0.1950046803184205,15,4C,4,1,0.0,19.05000000000002,310.3,11.3,0.0162082366025723,2,1a,1,1
339,0.052,0.11173648778799601,15,6A,2,1,0.0,19.05000000000002,241.3,11.3,0.0162082366025723,1,1a,1,1
340,0.07,0.17332352830106468,15,6A,3,1,0.0,19.05000000000002,275.8,11.3,0.0162082366025723,2,1a,1,1
341,0.085,0.1950046803184205,15,6A,4,1,0.0,19.05000000000002,310.3,11.3,0.0162082366025723,2,1a,1,1
342,0.079,0.11173648778799601,15,6B,2,1,0.0,19.05000000000002,241.3,11.3,0.0162082366025723,1,1a,1,1
343,0.085,0.17332352830106468,15,6B,3,1,0.0,19.05000000000002,275.8,11.3,0.0162082366025723,2,1a,1,1
344,0.111,0.1950046803184205,15,6B,4,1,0.0,19.05000000000002,310.3,11.3,0.0162082366025723,2,1a,1,1
345,0.071,0.11173648778799601,15,6C,2,1,0.0,19.05000000000002,241.3,11.3,0.0162082366025723,1,1a,1,1
346,0.103,0.17332352830106468,15,6C,3,1,0.0,19.05000000000002,275.8,11.3,0.0162082366025723,2,1a,1,1
347,0.11,0.1950046803184205,15,6C,4,1,0.0,19.05000000000002,310.3,11.3,0.0162082366025723,2,1a,1,1
348,0.056,0.12771207348499503,16,1,3,2,0.0,19.05000000000002,275.8,11.3,0.0162082366025723,1,1a,1,1
349,0.058,0.1950046803184205,16,1,4,2,0.0,19.05000000000002,310.3,11.3,0.0162082366025723,2,1a,1,1
350,0.073,0.11173648778799601,16,2,2,2,0.0,19.05000000000002,241.3,11.3,0.0162082366025723,1,1a,1,1
351,0.083,0.17332352830106468,16,2,3,2,0.0,19.05000000000002,275.8,11.3,0.0162082366025723,2,1a,1,1
352,0.08,0.1950046803184205,16,2,4,2,0.0,19.05000000000002,310.3,11.3,0.0162082366025723,2,1a,1,1
353,0.085,0.1233973231364955,16,3,1,2,0.0,38.1,206.9,11.3,0.0148043735897511,1,1a,1,1
354,0.105,0.143913842787996,16,3,2,2,0.0,38.1,241.3,11.3,0.0148043735897511,1,1a,1,1
355,0.13,0.22323643330106463,16,3,3,2,0.0,38.1,275.8,11.3,0.0148043735897511,2,1a,1,1
356,0.158,0.25116122281842046,16,3,4,2,0.0,38.1,310.3,11.3,0.0148043735897511,2,1a,1,1
357,0.081,0.1233973231364955,16,4,1,2,0.0,38.1,206.9,11.3,0.0148043735897511,1,1a,1,1
358,0.089,0.143913842787996,16,4,2,2,0.0,38.1,241.3,11.3,0.0148043735897511,1,1a,1,1
359,0.105,0.22323643330106463,16,4,3,2,0.0,38.1,275.8,11.3,0.0148043735897511,2,1a,1,1
360,0.135,0.25116122281842046,16,4,4,2,0.0,38.1,310.3,11.3,0.0148043735897511,2,1a,1,1
361,0.058,0.1233973231364955,16,5,1,2,0.0,38.1,206.9,11.3,0.0148043735897511,1,1a,1,1
362,0.092,0.143913842787996,16,5,2,2,0.0,38.1,241.3,11.3,0.0148043735897511,1,1a,1,1
363,0.135,0.22323643330106463,16,5,3,2,0.0,38.1,275.8,11.3,0.0148043735897511,2,1a,1,1
364,0.168,0.25116122281842046,16,5,4,2,0.0,38.1,310.3,11.3,0.0148043735897511,2,1a,1,1
365,0.092,0.1233973231364955,16,6,1,2,0.0,38.1,206.9,11.3,0.0148043735897511,1,1a,1,1
366,0.127,0.143913842787996,16,6,2,2,0.0,38.1,241.3,11.3,0.0148043735897511,1,1a,1,1
367,0.133,0.22323643330106463,16,6,3,2,0.0,38.1,275.8,11.3,0.0148043735897511,2,1a,1,1
368,0.156,0.25116122281842046,16,6,4,2,0.0,38.1,310.3,11.3,0.0148043735897511,2,1a,1,1
369,0.097,0.1233973231364955,16,7,1,2,0.0,38.1,206.9,11.3,0.0148043735897511,1,1a,1,1
370,0.116,0.143913842787996,16,7,2,2,0.0,38.1,241.3,11.3,0.0148043735897511,1,1a,1,1
371,0.137,0.22323643330106463,16,7,3,2,0.0,38.1,275.8,11.3,0.0148043735897511,2,1a,1,1
372,0.162,0.25116122281842046,16,7,4,2,0.0,38.1,310.3,11.3,0.0148043735897511,2,1a,1,1
373,0.07,0.18225569430817512,19,N10-10-1,5,2,0.0,45.0,220.0,10.0,0.0078539816339744,1,1a,1,1
374,0.15,0.22119213809219432,19,N10-10-1,6,2,0.0,45.0,267.0,10.0,0.0078539816339744,1,1a,1,1
375,0.12,0.1905400440494558,19,N10-10-1,8,2,0.0,45.0,230.0,10.0,0.0078539816339744,1,1a,1,1
376,0.15,0.2145646582991698,19,N10-10-1,9,2,0.0,45.0,259.0,10.0,0.0078539816339744,1,1a,1,1
377,0.16,0.22616274793696275,19,N10-10-1,10,2,0.0,45.0,273.0,10.0,0.0078539816339744,1,1a,1,1
378,0.18,0.24273144741952415,19,N10-10-1,11,2,0.0,45.0,293.0,10.0,0.0078539816339744,1,1a,1,1
379,0.15,0.20130969871312068,19,N10-10-1,13,2,0.0,45.0,243.0,10.0,0.0078539816339744,1,1a,1,1
380,0.17,0.22119213809219432,19,N10-10-1,14,2,0.0,45.0,267.0,10.0,0.0078539816339744,1,1a,1,1
381,0.18,0.24273144741952415,19,N10-10-1,15,2,0.0,45.0,293.0,10.0,0.0078539816339744,1,1a,1,1
382,0.21,0.2742119764363907,19,N10-10-1,16,2,0.0,45.0,331.0,10.0,0.0078539816339744,1,1a,1,1
383,0.22,0.2568148419797013,19,N10-10-1,19,2,0.0,45.0,310.0,10.0,0.0078539816339744,1,1a,1,1
384,0.23,0.2742119764363907,19,N10-10-1,20,2,0.0,45.0,331.0,10.0,0.0078539816339744,1,1a,1,1
385,0.1,0.18971160907532772,19,N10-10-2,6,2,0.0,45.0,229.0,10.0,0.0078539816339744,1,1a,1,1
386,0.13,0.21373622332504175,19,N10-10-2,7,2,0.0,45.0,258.0,10.0,0.0078539816339744,1,1a,1,1
387,0.15,0.23196179275585924,19,N10-10-2,8,2,0.0,45.0,280.0,10.0,0.0078539816339744,1,1a,1,1
388,0.18,0.25350110208318904,19,N10-10-2,9,2,0.0,45.0,306.0,10.0,0.0078539816339744,1,1a,1,1
389,0.14,0.25350110208318904,19,N10-10-2,10,2,0.0,45.0,306.0,10.0,0.0078539816339744,1,1a,1,1
390,0.15,0.21787839819568205,19,N10-10-2,12,2,0.0,45.0,263.0,10.0,0.0078539816339744,1,1a,1,1
391,0.16,0.2327902277299873,19,N10-10-2,13,2,0.0,45.0,281.0,10.0,0.0078539816339744,1,1a,1,1
392,0.18,0.25350110208318904,19,N10-10-2,14,2,0.0,45.0,306.0,10.0,0.0078539816339744,1,1a,1,1
393,0.16,0.2037950036355049,19,N10-10-2,16,2,0.0,45.0,246.0,10.0,0.0078539816339744,1,1a,1,1
394,0.18,0.23361866270411535,19,N10-10-2,17,2,0.0,45.0,282.0,10.0,0.0078539816339744,1,1a,1,1
395,0.2,0.2551579720314452,19,N10-10-2,18,2,0.0,45.0,308.0,10.0,0.0078539816339744,1,1a,1,1
396,0.22,0.27669728135877497,19,N10-10-2,19,2,0.0,45.0,334.0,10.0,0.0078539816339744,1,1a,1,1
397,0.2,0.229476487833475,19,N10-10-2,21,2,0.0,45.0,277.0,10.0,0.0078539816339744,1,1a,1,1
398,0.21,0.2551579720314452,19,N10-10-2,22,2,0.0,45.0,308.0,10.0,0.0078539816339744,1,1a,1,1
399,0.23,0.28166789120354335,19,N10-10-2,23,2,0.0,45.0,340.0,10.0,0.0078539816339744,1,1a,1,1
400,0.17,0.21125091840265753,19,N10-10-3,6,2,0.0,45.0,255.0,10.0,0.0078539816339744,1,1a,1,1
401,0.17,0.22864805285934695,19,N10-10-3,8,2,0.0,45.0,276.0,10.0,0.0078539816339744,1,1a,1,1
402,0.2,0.20959404845440138,19,N10-10-3,10,2,0.0,45.0,253.0,10.0,0.0078539816339744,1,1a,1,1
403,0.22,0.23030492280760312,19,N10-10-3,11,2,0.0,45.0,278.0,10.0,0.0078539816339744,1,1a,1,1
404,0.19,0.1996528287648646,19,N10-10-3,13,2,0.0,45.0,241.00000000000003,10.0,0.0078539816339744,1,1a,1,1
405,0.21,0.22864805285934695,19,N10-10-3,14,2,0.0,45.0,276.0,10.0,0.0078539816339744,1,1a,1,1
406,0.22,0.24438831736778027,19,N10-10-3,15,2,0.0,45.0,295.0,10.0,0.0078539816339744,1,1a,1,1
407,0.26,0.2742119764363907,19,N10-10-3,16,2,0.0,45.0,331.0,10.0,0.0078539816339744,1,1a,1,1
408,0.3,0.28083945622941525,19,N10-10-3,20,2,0.0,45.0,339.0,10.0,0.0078539816339744,1,1a,1,1
409,0.09,0.10884846357588462,19,N10-14-1,18,2,0.0,43.0,155.0,14.0,0.0153938040025899,1,1a,1,1
410,0.11,0.12640466737844666,19,N10-14-1,19,2,0.0,43.0,180.0,14.0,0.0153938040025899,1,1a,1,1
411,0.14,0.14466311933311118,19,N10-14-1,20,2,0.0,43.0,206.0,14.0,0.0153938040025899,1,1a,1,1
412,0.13,0.1404496304204963,19,N10-14-1,21,2,0.0,43.0,200.0,14.0,0.0153938040025899,1,1a,1,1
413,0.14,0.2087181829213161,19,N10-14-1,22,2,0.0,43.0,219.00000000000003,14.0,0.0153938040025899,2,1a,1,1
414,0.15,0.22015479568412794,19,N10-14-1,23,2,0.0,43.0,231.0,14.0,0.0153938040025899,2,1a,1,1
415,0.17,0.24588717440045457,19,N10-14-1,24,2,0.0,43.0,258.0,14.0,0.0153938040025899,2,1a,1,1
416,0.22,0.3021171871509461,19,N10-14-1,25,2,0.0,43.0,317.0,14.0,0.0153938040025899,2,1a,1,1
417,0.07,0.11446644879270448,19,N10-14-2,16,2,0.0,43.0,163.0,14.0,0.0153938040025899,1,1a,1,1
418,0.08,0.10744396727167965,19,N10-14-2,18,2,0.0,43.0,153.0,14.0,0.0153938040025899,1,1a,1,1
419,0.12,0.13483164520367644,19,N10-14-2,19,2,0.0,43.0,192.0,14.0,0.0153938040025899,1,1a,1,1
420,0.15,0.2134834382391544,19,N10-14-2,20,2,0.0,43.0,224.0,14.0,0.0153938040025899,2,1a,1,1
421,0.19,0.24398107227331925,19,N10-14-2,21,2,0.0,43.0,256.0,14.0,0.0153938040025899,2,1a,1,1
422,0.25,0.2944927786424049,19,N10-14-2,22,2,0.0,43.0,309.0,14.0,0.0153938040025899,2,1a,1,1
423,0.1,0.12989475702359735,19,N10-20-1,25,2,0.0,40.0,165.0,20.0,0.0314159265358979,2,1a,1,1
424,0.12,0.15036302176670963,19,N10-20-1,26,2,0.0,40.0,191.0,20.0,0.0314159265358979,2,1a,1,1
425,0.14,0.17240576841313826,19,N10-20-1,27,2,0.0,40.0,219.0,20.0,0.0314159265358979,2,1a,1,1
426,0.1,0.13068199797525548,19,N10-20-2,24,2,0.0,40.0,166.0,20.0,0.0314159265358979,2,1a,1,1
427,0.12,0.15036302176670963,19,N10-20-2,25,2,0.0,40.0,191.0,20.0,0.0314159265358979,2,1a,1,1
428,0.14,0.17398025031645462,19,N10-20-2,26,2,0.0,40.0,221.0,20.0,0.0314159265358979,2,1a,1,1
429,0.14,0.16689508175153112,19,N10-20-2,27,2,0.0,40.0,212.0,20.0,0.0314159265358979,2,1a,1,1
430,0.09,0.13225647987857184,19,N10-20-3,27,2,0.0,40.0,168.0,20.0,0.0314159265358979,2,1a,1,1
431,0.13,0.17476749126811275,19,N10-20-3,28,2,0.0,40.0,222.0,20.0,0.0314159265358979,2,1a,1,1
432,0.14,0.2568148419797013,19,N12-10-1,7,2,0.0,45.0,310.0,10.0,0.0078539816339744,1,1a,1,1
433,0.15,0.2675844966433662,19,N12-10-1,8,2,0.0,45.0,323.0,10.0,0.0078539816339744,1,1a,1,1
434,0.17,0.28746693602243983,19,N12-10-1,9,2,0.0,45.0,347.0,10.0,0.0078539816339744,1,1a,1,1
435,0.16,0.2692413665916223,19,N12-10-1,12,2,0.0,45.0,325.0,10.0,0.0078539816339744,1,1a,1,1
436,0.18,0.2675844966433662,19,N12-10-1,16,2,0.0,45.0,323.0,10.0,0.0078539816339744,1,1a,1,1
437,0.19,0.2642707567468539,19,N12-10-1,20,2,0.0,45.0,319.0,10.0,0.0078539816339744,1,1a,1,1
438,0.21,0.2841531961259276,19,N12-10-1,23,2,0.0,45.0,343.0,10.0,0.0078539816339744,1,1a,1,1
439,0.18,0.26592762669511005,19,N12-10-2,8,2,0.0,45.0,321.0,10.0,0.0078539816339744,1,1a,1,1
440,0.2,0.27504041141051877,19,N12-10-2,12,2,0.0,45.0,332.0,10.0,0.0078539816339744,1,1a,1,1
441,0.22,0.28746693602243983,19,N12-10-2,13,2,0.0,45.0,347.0,10.0,0.0078539816339744,1,1a,1,1
442,0.19,0.25598640700557324,19,N12-10-2,16,2,0.0,45.0,309.0,10.0,0.0078539816339744,1,1a,1,1
443,0.23,0.289123805970696,19,N12-10-2,17,2,0.0,45.0,349.0,10.0,0.0078539816339744,1,1a,1,1
444,0.21,0.26344232177272586,19,N12-10-2,19,2,0.0,45.0,318.0,10.0,0.0078539816339744,1,1a,1,1
445,0.15,0.26592762669511005,19,N12-10-3,8,2,0.0,45.0,321.0,10.0,0.0078539816339744,1,1a,1,1
446,0.19,0.27669728135877497,19,N12-10-3,12,2,0.0,45.0,334.0,10.0,0.0078539816339744,1,1a,1,1
447,0.21,0.277525716332903,19,N12-10-3,15,2,0.0,45.0,335.0,10.0,0.0078539816339744,1,1a,1,1
448,0.14,0.15800583422305833,19,N12-14-1,28,2,0.0,43.0,225.0,14.0,0.0153938040025899,1,1a,1,1
449,0.1,0.13764063781208635,19,N12-14-1,23,2,0.0,43.0,196.0,14.0,0.0153938040025899,1,1a,1,1
450,0.07,0.11516869694480697,19,N12-14-1,18,2,0.0,43.0,164.0,14.0,0.0153938040025899,1,1a,1,1
451,0.07,0.1207866821616268,19,N12-14-1,19,2,0.0,43.0,172.0,14.0,0.0153938040025899,1,1a,1,1
452,0.11,0.14606761563731616,19,N12-14-1,24,2,0.0,43.0,208.0,14.0,0.0153938040025899,1,1a,1,1
453,0.09,0.12710691553054915,19,N12-14-1,22,2,0.0,43.0,181.0,14.0,0.0153938040025899,1,1a,1,1
454,0.13,0.14676986378941861,19,N12-14-1,27,2,0.0,43.0,209.0,14.0,0.0153938040025899,1,1a,1,1
455,0.07,0.12008443400952433,19,N12-14-1,9,2,0.0,43.0,171.0,14.0,0.0153938040025899,1,1a,1,1
456,0.12,0.13272490074736898,19,N12-14-1,26,2,0.0,43.0,189.0,14.0,0.0153938040025899,1,1a,1,1
457,0.23,0.20505646041392459,19,N12-14-1,30,2,0.0,43.0,292.0,14.0,0.0153938040025899,1,1a,1,1
458,0.19,0.18328676769874766,19,N12-14-1,29,2,0.0,43.0,261.0,14.0,0.0153938040025899,1,1a,1,1
459,0.07,0.12008443400952433,19,N12-14-1,16,2,0.0,43.0,171.0,14.0,0.0153938040025899,1,1a,1,1
460,0.14,0.151685600854136,19,N12-14-1,25,2,0.0,43.0,216.0,14.0,0.0153938040025899,1,1a,1,1
461,0.08,0.12008443400952433,19,N12-14-1,21,2,0.0,43.0,171.0,14.0,0.0153938040025899,1,1a,1,1
462,0.07,0.11938218585742184,19,N12-14-1,13,2,0.0,43.0,170.0,14.0,0.0153938040025899,1,1a,1,1
463,0.1,0.11446644879270448,19,N12-14-2,19,2,0.0,43.0,163.0,14.0,0.0153938040025899,1,1a,1,1
464,0.25,0.20575870856602707,19,N12-14-2,26,2,0.0,43.0,293.0,14.0,0.0153938040025899,1,1a,1,1
465,0.11,0.11938218585742184,19,N12-14-2,17,2,0.0,43.0,170.0,14.0,0.0153938040025899,1,1a,1,1
466,0.1,0.12008443400952433,19,N12-14-2,13,2,0.0,43.0,171.0,14.0,0.0153938040025899,1,1a,1,1
467,0.2,0.18328676769874766,19,N12-14-2,25,2,0.0,43.0,261.0,14.0,0.0153938040025899,1,1a,1,1
468,0.16,0.1601125786793658,19,N12-14-2,23,2,0.0,43.0,228.0,14.0,0.0153938040025899,1,1a,1,1
469,0.18,0.1734552935693129,19,N12-14-2,24,2,0.0,43.0,247.0,14.0,0.0153938040025899,1,1a,1,1
470,0.11,0.12570241922634418,19,N12-14-2,20,2,0.0,43.0,179.0,14.0,0.0153938040025899,1,1a,1,1
471,0.14,0.14957885639782853,19,N12-14-2,22,2,0.0,43.0,213.0,14.0,0.0153938040025899,1,1a,1,1
472,0.13,0.13764063781208635,19,N12-14-2,21,2,0.0,43.0,196.0,14.0,0.0153938040025899,1,1a,1,1
473,0.29,0.310694646723055,19,N12-14-2,27,2,0.0,43.0,326.0,14.0,0.0153938040025899,2,1a,1,1
474,0.22,0.310694646723055,19,N12-14-3,34,2,0.0,43.0,326.0,14.0,0.0153938040025899,2,1a,1,1
475,0.09,0.12008443400952433,19,N12-14-3,15,2,0.0,43.0,171.0,14.0,0.0153938040025899,1,1a,1,1
476,0.17,0.1825845195466452,19,N12-14-3,30,2,0.0,43.0,260.0,14.0,0.0153938040025899,1,1a,1,1
477,0.09,0.11516869694480697,19,N12-14-3,8,2,0.0,43.0,164.0,14.0,0.0153938040025899,1,1a,1,1
478,0.09,0.12780916368265163,19,N12-14-3,22,2,0.0,43.0,182.0,14.0,0.0153938040025899,1,1a,1,1
479,0.09,0.11938218585742184,19,N12-14-3,12,2,0.0,43.0,170.0,14.0,0.0153938040025899,1,1a,1,1
480,0.1,0.12780916368265163,19,N12-14-3,16,2,0.0,43.0,182.0,14.0,0.0153938040025899,1,1a,1,1
481,0.09,0.11938218585742184,19,N12-14-3,21,2,0.0,43.0,170.0,14.0,0.0153938040025899,1,1a,1,1
482,0.11,0.13974738226839378,19,N12-14-3,27,2,0.0,43.0,199.0,14.0,0.0153938040025899,1,1a,1,1
483,0.1,0.13764063781208635,19,N12-14-3,26,2,0.0,43.0,196.0,14.0,0.0153938040025899,1,1a,1,1
484,0.21,0.2963988807695402,19,N12-14-3,33,2,0.0,43.0,311.0,14.0,0.0153938040025899,2,1a,1,1
485,0.1,0.1250001710742417,19,N12-14-3,25,2,0.0,43.0,178.0,14.0,0.0153938040025899,1,1a,1,1
486,0.11,0.14957885639782853,19,N12-14-3,28,2,0.0,43.0,213.0,14.0,0.0153938040025899,1,1a,1,1
487,0.09,0.113764200640602,19,N12-14-3,18,2,0.0,43.0,162.0,14.0,0.0153938040025899,1,1a,1,1
488,0.2,0.20575870856602707,19,N12-14-3,31,2,0.0,43.0,293.0,14.0,0.0153938040025899,1,1a,1,1
489,0.1,0.13764063781208635,19,N12-14-3,23,2,0.0,43.0,196.0,14.0,0.0153938040025899,1,1a,1,1
490,0.13,0.1601125786793658,19,N12-14-3,29,2,0.0,43.0,228.0,14.0,0.0153938040025899,1,1a,1,1
491,0.15,0.17161852746148012,19,N12-20-1,35,2,0.0,40.0,218.0,20.0,0.0314159265358979,2,1a,1,1
492,0.1,0.09107134798656041,19,N12-20-1,33,2,0.0,40.0,157.0,20.0,0.0314159265358979,1,1a,1,1
493,0.13,0.1487885398633933,19,N12-20-1,34,2,0.0,40.0,189.0,20.0,0.0314159265358979,2,1a,1,1
494,0.15,0.15744819033163313,19,N12-20-2,31,2,0.0,40.0,200.0,20.0,0.0314159265358979,2,1a,1,1
495,0.1,0.09107134798656041,19,N12-20-2,29,2,0.0,40.0,157.0,20.0,0.0314159265358979,1,1a,1,1
496,0.14,0.1487885398633933,19,N12-20-2,30,2,0.0,40.0,189.0,20.0,0.0314159265358979,2,1a,1,1
497,0.17,0.17161852746148012,19,N12-20-2,33,2,0.0,40.0,218.0,20.0,0.0314159265358979,2,1a,1,1
498,0.16,0.16217163604158213,19,N12-20-2,32,2,0.0,40.0,206.0,20.0,0.0314159265358979,2,1a,1,1
499,0.14,0.14957578081505146,19,N12-20-3,19,2,0.0,40.0,190.0,20.0,0.0314159265358979,2,1a,1,1
500,0.15,0.15666094937997496,19,N12-20-3,20,2,0.0,40.0,199.0,20.0,0.0314159265358979,2,1a,1,1
501,0.11,0.09107134798656041,19,N12-20-3,18,2,0.0,40.0,157.0,20.0,0.0314159265358979,1,1a,1,1
502,0.17,0.17161852746148012,19,N12-20-3,21,2,0.0,40.0,218.0,20.0,0.0314159265358979,2,1a,1,1
503,0.16,0.22119213809219432,19,N20-10-1,15,2,0.0,45.0,267.0,10.0,0.0078539816339744,1,1a,1,1
504,0.17,0.2352755326523715,19,N20-10-1,12,2,0.0,45.0,284.0,10.0,0.0078539816339744,1,1a,1,1
505,0.18,0.25018736218667675,19,N20-10-1,20,2,0.0,45.0,302.0,10.0,0.0078539816339744,1,1a,1,1
506,0.13,0.2004812637389926,19,N20-10-1,10,2,0.0,45.0,242.0,10.0,0.0078539816339744,1,1a,1,1
507,0.2,0.2742119764363907,19,N20-10-1,21,2,0.0,45.0,331.0,10.0,0.0078539816339744,1,1a,1,1
508,0.16,0.22036370311806627,19,N20-10-1,18,2,0.0,45.0,266.0,10.0,0.0078539816339744,1,1a,1,1
509,0.15,0.19633908886835227,19,N20-10-1,14,2,0.0,45.0,237.00000000000003,10.0,0.0078539816339744,1,1a,1,1
510,0.12,0.2004812637389926,19,N20-10-1,7,2,0.0,45.0,242.0,10.0,0.0078539816339744,1,1a,1,1
511,0.17,0.23444709767824345,19,N20-10-1,16,2,0.0,45.0,283.0,10.0,0.0078539816339744,1,1a,1,1
512,0.17,0.2352755326523715,19,N20-10-1,19,2,0.0,45.0,284.0,10.0,0.0078539816339744,1,1a,1,1
513,0.14,0.22119213809219432,19,N20-10-1,11,2,0.0,45.0,267.0,10.0,0.0078539816339744,1,1a,1,1
514,0.15,0.22533431296283468,19,N20-10-2,13,2,0.0,45.0,272.0,10.0,0.0078539816339744,1,1a,1,1
515,0.19,0.24273144741952415,19,N20-10-2,18,2,0.0,45.0,293.0,10.0,0.0078539816339744,1,1a,1,1
516,0.14,0.22450587798870664,19,N20-10-2,10,2,0.0,45.0,271.0,10.0,0.0078539816339744,1,1a,1,1
517,0.21,0.27172667151400653,19,N20-10-2,19,2,0.0,45.0,328.0,10.0,0.0078539816339744,1,1a,1,1
518,0.19,0.265099191720982,19,N20-10-2,15,2,0.0,45.0,320.0,10.0,0.0078539816339744,1,1a,1,1
519,0.11,0.2004812637389926,19,N20-10-2,6,2,0.0,45.0,242.0,10.0,0.0078539816339744,1,1a,1,1
520,0.17,0.24273144741952415,19,N20-10-2,14,2,0.0,45.0,293.0,10.0,0.0078539816339744,1,1a,1,1
521,0.12,0.2004812637389926,19,N20-10-2,9,2,0.0,45.0,242.0,10.0,0.0078539816339744,1,1a,1,1
522,0.13,0.1988243937907365,19,N20-10-2,12,2,0.0,45.0,240.0,10.0,0.0078539816339744,1,1a,1,1
523,0.18,0.22533431296283468,19,N20-10-2,17,2,0.0,45.0,272.0,10.0,0.0078539816339744,1,1a,1,1
524,0.21,0.24770205726429254,19,N20-10-3,13,2,0.0,45.0,299.0,10.0,0.0078539816339744,1,1a,1,1
525,0.11,0.22699118291109083,19,N20-10-3,9,2,0.0,45.0,274.0,10.0,0.0078539816339744,1,1a,1,1
526,0.26,0.27504041141051877,19,N20-10-3,18,2,0.0,45.0,332.0,10.0,0.0078539816339744,1,1a,1,1
527,0.14,0.20710874353201716,19,N20-10-3,11,2,0.0,45.0,250.00000000000003,10.0,0.0078539816339744,1,1a,1,1
528,0.2,0.22699118291109083,19,N20-10-3,16,2,0.0,45.0,274.0,10.0,0.0078539816339744,1,1a,1,1
529,0.11,0.2062803085578891,19,N20-10-3,7,2,0.0,45.0,249.0,10.0,0.0078539816339744,1,1a,1,1
530,0.23,0.2543295370573171,19,N20-10-3,17,2,0.0,45.0,307.0,10.0,0.0078539816339744,1,1a,1,1
531,0.18,0.2037950036355049,19,N20-10-3,15,2,0.0,45.0,246.0,10.0,0.0078539816339744,1,1a,1,1
532,0.18,0.22616274793696275,19,N20-10-3,12,2,0.0,45.0,273.0,10.0,0.0078539816339744,1,1a,1,1
533,0.22,0.25184423213493284,19,N20-10-3,20,2,0.0,45.0,304.0,10.0,0.0078539816339744,1,1a,1,1
534,0.24,0.28498163110005564,19,N20-10-3,21,2,0.0,45.0,344.0,10.0,0.0078539816339744,1,1a,1,1
535,0.09,0.11938218585742184,19,N20-14-1,23,2,0.0,43.0,170.0,14.0,0.0153938040025899,1,1a,1,1
536,0.08,0.11235970433639704,19,N20-14-1,17,2,0.0,43.0,160.0,14.0,0.0153938040025899,1,1a,1,1
537,0.08,0.11235970433639704,19,N20-14-1,22,2,0.0,43.0,160.0,14.0,0.0153938040025899,1,1a,1,1
538,0.08,0.11306195248849951,19,N20-14-1,20,2,0.0,43.0,161.0,14.0,0.0153938040025899,1,1a,1,1
539,0.17,0.2477932765275899,19,N20-14-1,30,2,0.0,43.0,260.0,14.0,0.0153938040025899,2,1a,1,1
540,0.22,0.2992580339602432,19,N20-14-1,31,2,0.0,43.0,314.0,14.0,0.0153938040025899,2,1a,1,1
541,0.14,0.15941033052726328,19,N20-14-1,29,2,0.0,43.0,227.0,14.0,0.0153938040025899,1,1a,1,1
542,0.11,0.13764063781208635,19,N20-14-1,28,2,0.0,43.0,196.0,14.0,0.0153938040025899,1,1a,1,1
543,0.1,0.1369383896599839,19,N20-14-1,26,2,0.0,43.0,195.0,14.0,0.0153938040025899,1,1a,1,1
544,0.1,0.12851141183475412,19,N20-14-1,24,2,0.0,43.0,183.0,14.0,0.0153938040025899,1,1a,1,1
545,0.1,0.1207866821616268,19,N20-14-1,27,2,0.0,43.0,172.0,14.0,0.0153938040025899,1,1a,1,1
546,0.08,0.11235970433639704,19,N20-14-1,13,2,0.0,43.0,160.0,14.0,0.0153938040025899,1,1a,1,1
547,0.07,0.11938218585742184,19,N20-14-2,20,2,0.0,43.0,170.0,14.0,0.0153938040025899,1,1a,1,1
548,0.11,0.1601125786793658,19,N20-14-2,33,2,0.0,43.0,228.0,14.0,0.0153938040025899,1,1a,1,1
549,0.07,0.11025295988008958,19,N20-14-2,18,2,0.0,43.0,157.0,14.0,0.0153938040025899,1,1a,1,1
550,0.11,0.14185412672470124,19,N20-14-2,31,2,0.0,43.0,202.0,14.0,0.0153938040025899,1,1a,1,1
551,0.08,0.12640466737844666,19,N20-14-2,26,2,0.0,43.0,180.0,14.0,0.0153938040025899,1,1a,1,1
552,0.07,0.11938218585742184,19,N20-14-2,25,2,0.0,43.0,170.0,14.0,0.0153938040025899,1,1a,1,1
553,0.12,0.22206089781126326,19,N20-14-2,34,2,0.0,43.0,233.0,14.0,0.0153938040025899,2,1a,1,1
554,0.07,0.11446644879270448,19,N20-14-2,24,2,0.0,43.0,163.0,14.0,0.0153938040025899,1,1a,1,1
555,0.17,0.2849622680067284,19,N20-14-2,36,2,0.0,43.0,299.0,14.0,0.0153938040025899,2,1a,1,1
556,0.07,0.11025295988008958,19,N20-14-2,16,2,0.0,43.0,157.0,14.0,0.0153938040025899,1,1a,1,1
557,0.14,0.2477932765275899,19,N20-14-2,35,2,0.0,43.0,260.0,14.0,0.0153938040025899,2,1a,1,1
558,0.07,0.10744396727167965,19,N20-14-2,14,2,0.0,43.0,153.0,14.0,0.0153938040025899,1,1a,1,1
559,0.1,0.14606761563731616,19,N20-14-2,28,2,0.0,43.0,208.0,14.0,0.0153938040025899,1,1a,1,1
560,0.07,0.11095520803219207,19,N20-14-2,21,2,0.0,43.0,158.0,14.0,0.0153938040025899,1,1a,1,1
561,0.07,0.11938218585742184,19,N20-14-2,22,2,0.0,43.0,170.0,14.0,0.0153938040025899,1,1a,1,1
562,0.11,0.14255637487680373,19,N20-14-2,29,2,0.0,43.0,203.0,14.0,0.0153938040025899,1,1a,1,1
563,0.09,0.1369383896599839,19,N20-14-2,27,2,0.0,43.0,195.0,14.0,0.0153938040025899,1,1a,1,1
564,0.11,0.12289342661793423,19,N20-14-3,16,2,0.0,43.0,175.0,14.0,0.0153938040025899,1,1a,1,1
565,0.09,0.11095520803219207,19,N20-14-3,18,2,0.0,43.0,158.0,14.0,0.0153938040025899,1,1a,1,1
566,0.11,0.12570241922634418,19,N20-14-3,22,2,0.0,43.0,179.0,14.0,0.0153938040025899,1,1a,1,1
567,0.13,0.15800583422305833,19,N20-14-3,27,2,0.0,43.0,225.0,14.0,0.0153938040025899,1,1a,1,1
568,0.2,0.2973519318331078,19,N20-14-3,29,2,0.0,43.0,312.0,14.0,0.0153938040025899,2,1a,1,1
569,0.11,0.12570241922634418,19,N20-14-3,19,2,0.0,43.0,179.0,14.0,0.0153938040025899,1,1a,1,1
570,0.1,0.12148893031372929,19,N20-14-3,21,2,0.0,43.0,173.0,14.0,0.0153938040025899,1,1a,1,1
571,0.16,0.2477932765275899,19,N20-14-3,28,2,0.0,43.0,260.0,14.0,0.0153938040025899,2,1a,1,1
572,0.11,0.13483164520367644,19,N20-14-3,23,2,0.0,43.0,192.0,14.0,0.0153938040025899,1,1a,1,1
573,0.09,0.1095507117279871,19,N20-14-3,15,2,0.0,43.0,156.0,14.0,0.0153938040025899,1,1a,1,1
574,0.12,0.14676986378941861,19,N20-14-3,26,2,0.0,43.0,209.0,14.0,0.0153938040025899,1,1a,1,1
575,0.12,0.14606761563731616,19,N20-14-3,24,2,0.0,43.0,208.0,14.0,0.0153938040025899,1,1a,1,1
576,0.07,0.1095507117279871,19,N20-14-3,12,2,0.0,43.0,156.0,14.0,0.0153938040025899,1,1a,1,1
577,0.1,0.12517131131364834,19,N20-20-1,19,2,0.0,40.0,159.0,20.0,0.0314159265358979,2,1a,1,1
578,0.15,0.17319300936479645,19,N20-20-1,20,2,0.0,40.0,220.0,20.0,0.0314159265358979,2,1a,1,1
579,0.15,0.17319300936479645,19,N20-20-2,32,2,0.0,40.0,220.0,20.0,0.0314159265358979,2,1a,1,1
580,0.1,0.1259585522653065,19,N20-20-2,31,2,0.0,40.0,160.0,20.0,0.0314159265358979,2,1a,1,1
581,0.1,0.12517131131364834,19,N20-20-3,31,2,0.0,40.0,159.0,20.0,0.0314159265358979,2,1a,1,1
582,0.15,0.17319300936479645,19,N20-20-3,32,2,0.0,40.0,220.0,20.0,0.0314159265358979,2,1a,1,1
583,0.22,0.2800110212552872,19,N22-10-1,24,2,0.0,45.0,338.0,10.0,0.0078539816339744,1,1a,1,1
584,0.18,0.2733835414622626,19,N22-10-1,13,2,0.0,45.0,330.0,10.0,0.0078539816339744,1,1a,1,1
585,0.23,0.2858100660741837,19,N22-10-2,26,2,0.0,45.0,345.0,10.0,0.0078539816339744,1,1a,1,1
586,0.17,0.28166789120354335,19,N22-10-2,8,2,0.0,45.0,340.0,10.0,0.0078539816339744,1,1a,1,1
587,0.24,0.289952240944824,19,N22-10-2,14,2,0.0,45.0,350.0,10.0,0.0078539816339744,1,1a,1,1
588,0.27,0.289952240944824,19,N22-10-2,10,2,0.0,45.0,350.0,10.0,0.0078539816339744,1,1a,1,1
589,0.18,0.2800110212552872,19,N22-10-3,13,2,0.0,45.0,338.0,10.0,0.0078539816339744,1,1a,1,1
590,0.2,0.2791825862811591,19,N22-10-3,16,2,0.0,45.0,337.0,10.0,0.0078539816339744,1,1a,1,1
591,0.11,0.13764063781208635,19,N22-14-1,16,2,0.0,43.0,196.0,14.0,0.0153938040025899,1,1a,1,1
592,0.11,0.13834288596418884,19,N22-14-1,19,2,0.0,43.0,197.0,14.0,0.0153938040025899,1,1a,1,1
593,0.1,0.12640466737844666,19,N22-14-1,18,2,0.0,43.0,180.0,14.0,0.0153938040025899,1,1a,1,1
594,0.2,0.20154521965341216,19,N22-14-1,26,2,0.0,43.0,287.0,14.0,0.0153938040025899,1,1a,1,1
595,0.11,0.13764063781208635,19,N22-14-1,12,2,0.0,43.0,196.0,14.0,0.0153938040025899,1,1a,1,1
596,0.13,0.15941033052726328,19,N22-14-1,24,2,0.0,43.0,227.0,14.0,0.0153938040025899,1,1a,1,1
597,0.12,0.14536536748521364,19,N22-14-1,23,2,0.0,43.0,207.0,14.0,0.0153938040025899,1,1a,1,1
598,0.1,0.12851141183475412,19,N22-14-1,11,2,0.0,43.0,183.0,14.0,0.0153938040025899,1,1a,1,1
599,0.12,0.1601125786793658,19,N22-14-1,22,2,0.0,43.0,228.0,14.0,0.0153938040025899,1,1a,1,1
600,0.17,0.18328676769874766,19,N22-14-1,25,2,0.0,43.0,261.0,14.0,0.0153938040025899,1,1a,1,1
601,0.1,0.12921365998685658,19,N22-14-1,15,2,0.0,43.0,184.0,14.0,0.0153938040025899,1,1a,1,1
602,0.11,0.14396087118100873,19,N22-14-1,20,2,0.0,43.0,205.0,14.0,0.0153938040025899,1,1a,1,1
603,0.13,0.15028110454993104,19,N22-14-2,15,2,0.0,43.0,214.0,14.0,0.0153938040025899,1,1a,1,1
604,0.12,0.13974738226839378,19,N22-14-2,17,2,0.0,43.0,199.0,14.0,0.0153938040025899,1,1a,1,1
605,0.19,0.2092699493265395,19,N22-14-2,26,2,0.0,43.0,298.0,14.0,0.0153938040025899,1,1a,1,1
606,0.16,0.18328676769874766,19,N22-14-2,22,2,0.0,43.0,261.0,14.0,0.0153938040025899,1,1a,1,1
607,0.17,0.19522498628448984,19,N22-14-2,25,2,0.0,43.0,278.0,14.0,0.0153938040025899,1,1a,1,1
608,0.09,0.12289342661793423,19,N22-14-2,12,2,0.0,43.0,175.0,14.0,0.0153938040025899,1,1a,1,1
609,0.1,0.13272490074736898,19,N22-14-2,13,2,0.0,43.0,189.0,14.0,0.0153938040025899,1,1a,1,1
610,0.14,0.15800583422305833,19,N22-14-2,18,2,0.0,43.0,225.0,14.0,0.0153938040025899,1,1a,1,1
611,0.16,0.18398901585085012,19,N22-14-2,24,2,0.0,43.0,262.0,14.0,0.0153938040025899,1,1a,1,1
612,0.12,0.14185412672470124,19,N22-14-2,14,2,0.0,43.0,202.0,14.0,0.0153938040025899,1,1a,1,1
613,0.14,0.16502831574408314,19,N22-14-2,21,2,0.0,43.0,235.0,14.0,0.0153938040025899,1,1a,1,1
614,0.13,0.15028110454993104,19,N22-14-2,20,2,0.0,43.0,214.0,14.0,0.0153938040025899,1,1a,1,1
615,0.22,0.30974159565948733,19,N22-14-3,32,2,0.0,43.0,325.0,14.0,0.0153938040025899,2,1a,1,1
616,0.11,0.13483164520367644,19,N22-14-3,27,2,0.0,43.0,192.0,14.0,0.0153938040025899,1,1a,1,1
617,0.12,0.15098335270203353,19,N22-14-3,28,2,0.0,43.0,215.00000000000003,14.0,0.0153938040025899,1,1a,1,1
618,0.09,0.12359567477003672,19,N22-14-3,19,2,0.0,43.0,176.0,14.0,0.0153938040025899,1,1a,1,1
619,0.09,0.13202265259526652,19,N22-14-3,21,2,0.0,43.0,188.0,14.0,0.0153938040025899,1,1a,1,1
620,0.1,0.13272490074736898,19,N22-14-3,13,2,0.0,43.0,189.0,14.0,0.0153938040025899,1,1a,1,1
621,0.11,0.14185412672470124,19,N22-14-3,24,2,0.0,43.0,202.0,14.0,0.0153938040025899,1,1a,1,1
622,0.09,0.12359567477003672,19,N22-14-3,12,2,0.0,43.0,176.0,14.0,0.0153938040025899,1,1a,1,1
623,0.15,0.17977552693823523,19,N22-14-3,30,2,0.0,43.0,256.0,14.0,0.0153938040025899,1,1a,1,1
624,0.19,0.20786545302233453,19,N22-14-3,31,2,0.0,43.0,296.0,14.0,0.0153938040025899,1,1a,1,1
625,0.1,0.13202265259526652,19,N22-14-3,23,2,0.0,43.0,188.0,14.0,0.0153938040025899,1,1a,1,1
626,0.12,0.15028110454993104,19,N22-14-3,25,2,0.0,43.0,214.0,14.0,0.0153938040025899,1,1a,1,1
627,0.12,0.16081482683146825,19,N22-14-3,29,2,0.0,43.0,229.0,14.0,0.0153938040025899,1,1a,1,1
628,0.09,0.12359567477003672,19,N22-14-3,16,2,0.0,43.0,176.0,14.0,0.0153938040025899,1,1a,1,1
629,0.09,0.09281156482706795,19,N22-20-1,29,2,0.0,40.0,160.0,20.0,0.0314159265358979,1,1a,1,1
630,0.11,0.1511502627183678,19,N22-20-1,30,2,0.0,40.0,192.0,20.0,0.0314159265358979,2,1a,1,1
631,0.13,0.17319300936479645,19,N22-20-1,31,2,0.0,40.0,220.0,20.0,0.0314159265358979,2,1a,1,1
632,0.15,0.17319300936479645,19,N22-20-2,34,2,0.0,40.0,220.0,20.0,0.0314159265358979,2,1a,1,1
633,0.15,0.1511502627183678,19,N22-20-2,32,2,0.0,40.0,192.0,20.0,0.0314159265358979,2,1a,1,1
634,0.12,0.09281156482706795,19,N22-20-2,31,2,0.0,40.0,160.0,20.0,0.0314159265358979,1,1a,1,1
635,0.11,0.1511502627183678,19,N22-20-3,34,2,0.0,40.0,192.0,20.0,0.0314159265358979,2,1a,1,1
636,0.08,0.08817098658571454,19,N22-20-3,33,2,0.0,40.0,152.0,20.0,0.0314159265358979,1,1a,1,1
637,0.12,0.1582354312832913,19,N22-20-3,35,2,0.0,40.0,201.0,20.0,0.0314159265358979,2,1a,1,1
638,0.13,0.17398025031645462,19,N22-20-3,36,2,0.0,40.0,221.0,20.0,0.0314159265358979,2,1a,1,1
639,0.19,0.2551579720314452,19,N30-10-1,21,2,0.0,45.0,308.0,10.0,0.0078539816339744,1,1a,1,1
640,0.15,0.24853049223842064,19,N30-10-1,9,2,0.0,45.0,300.0,10.0,0.0078539816339744,1,1a,1,1
641,0.11,0.23196179275585924,19,N30-10-1,8,2,0.0,45.0,280.0,10.0,0.0078539816339744,1,1a,1,1
642,0.16,0.2568148419797013,19,N30-10-1,16,2,0.0,45.0,310.0,10.0,0.0078539816339744,1,1a,1,1
643,0.13,0.23196179275585924,19,N30-10-1,12,2,0.0,45.0,280.0,10.0,0.0078539816339744,1,1a,1,1
644,0.12,0.22533431296283468,19,N30-10-1,11,2,0.0,45.0,272.0,10.0,0.0078539816339744,1,1a,1,1
645,0.15,0.23196179275585924,19,N30-10-1,15,2,0.0,45.0,280.0,10.0,0.0078539816339744,1,1a,1,1
646,0.21,0.2833247611517995,19,N30-10-1,22,2,0.0,45.0,342.0,10.0,0.0078539816339744,1,1a,1,1
647,0.18,0.28166789120354335,19,N30-10-1,17,2,0.0,45.0,340.0,10.0,0.0078539816339744,1,1a,1,1
648,0.17,0.28498163110005564,19,N30-10-2,14,2,0.0,45.0,344.0,10.0,0.0078539816339744,1,1a,1,1
649,0.19,0.2568148419797013,19,N30-10-2,16,2,0.0,45.0,310.0,10.0,0.0078539816339744,1,1a,1,1
650,0.13,0.2568148419797013,19,N30-10-2,7,2,0.0,45.0,310.0,10.0,0.0078539816339744,1,1a,1,1
651,0.22,0.2858100660741837,19,N30-10-2,17,2,0.0,45.0,345.0,10.0,0.0078539816339744,1,1a,1,1
652,0.23,0.2742119764363907,19,N30-10-2,21,2,0.0,45.0,331.0,10.0,0.0078539816339744,1,1a,1,1
653,0.12,0.22036370311806627,19,N30-10-2,9,2,0.0,45.0,266.0,10.0,0.0078539816339744,1,1a,1,1
654,0.11,0.2327902277299873,19,N30-10-2,6,2,0.0,45.0,281.0,10.0,0.0078539816339744,1,1a,1,1
655,0.14,0.23361866270411535,19,N30-10-2,10,2,0.0,45.0,282.0,10.0,0.0078539816339744,1,1a,1,1
656,0.17,0.25598640700557324,19,N30-10-2,11,2,0.0,45.0,309.0,10.0,0.0078539816339744,1,1a,1,1
657,0.18,0.2708982365398785,19,N30-10-2,12,2,0.0,45.0,327.0,10.0,0.0078539816339744,1,1a,1,1
658,0.17,0.229476487833475,19,N30-10-2,15,2,0.0,45.0,277.0,10.0,0.0078539816339744,1,1a,1,1
659,0.13,0.23361866270411535,19,N30-10-3,6,2,0.0,45.0,282.0,10.0,0.0078539816339744,1,1a,1,1
660,0.19,0.2510157971608048,19,N30-10-3,16,2,0.0,45.0,303.0,10.0,0.0078539816339744,1,1a,1,1
661,0.17,0.2742119764363907,19,N30-10-3,12,2,0.0,45.0,331.0,10.0,0.0078539816339744,1,1a,1,1
662,0.19,0.2742119764363907,19,N30-10-3,8,2,0.0,45.0,331.0,10.0,0.0078539816339744,1,1a,1,1
663,0.22,0.28166789120354335,19,N30-10-3,21,2,0.0,45.0,340.0,10.0,0.0078539816339744,1,1a,1,1
664,0.16,0.24273144741952415,19,N30-10-3,15,2,0.0,45.0,293.0,10.0,0.0078539816339744,1,1a,1,1
665,0.2,0.27669728135877497,19,N30-10-3,17,2,0.0,45.0,334.0,10.0,0.0078539816339744,1,1a,1,1
666,0.14,0.22367744301457856,19,N30-10-3,10,2,0.0,45.0,270.0,10.0,0.0078539816339744,1,1a,1,1
667,0.17,0.2617854518244697,19,N30-10-3,7,2,0.0,45.0,316.0,10.0,0.0078539816339744,1,1a,1,1
668,0.16,0.26095701685034167,19,N30-10-3,11,2,0.0,45.0,315.0,10.0,0.0078539816339744,1,1a,1,1
669,0.12,0.14185412672470124,19,N30-14-1,23,2,0.0,43.0,202.0,14.0,0.0153938040025899,1,1a,1,1
670,0.12,0.1250001710742417,19,N30-14-1,26,2,0.0,43.0,178.0,14.0,0.0153938040025899,1,1a,1,1
671,0.09,0.11516869694480697,19,N30-14-1,12,2,0.0,43.0,164.0,14.0,0.0153938040025899,1,1a,1,1
672,0.09,0.1242979229221392,19,N30-14-1,14,2,0.0,43.0,177.0,14.0,0.0153938040025899,1,1a,1,1
673,0.11,0.1242979229221392,19,N30-14-1,17,2,0.0,43.0,177.0,14.0,0.0153938040025899,1,1a,1,1
674,0.11,0.13272490074736898,19,N30-14-1,22,2,0.0,43.0,189.0,14.0,0.0153938040025899,1,1a,1,1
675,0.1,0.11516869694480697,19,N30-14-1,16,2,0.0,43.0,164.0,14.0,0.0153938040025899,1,1a,1,1
676,0.1,0.13272490074736898,19,N30-14-1,19,2,0.0,43.0,189.0,14.0,0.0153938040025899,1,1a,1,1
677,0.14,0.1601125786793658,19,N30-14-1,28,2,0.0,43.0,228.0,14.0,0.0153938040025899,1,1a,1,1
678,0.17,0.2477932765275899,19,N30-14-1,30,2,0.0,43.0,260.0,14.0,0.0153938040025899,2,1a,1,1
679,0.12,0.14957885639782853,19,N30-14-1,25,2,0.0,43.0,213.0,14.0,0.0153938040025899,1,1a,1,1
680,0.1,0.1172754414011144,19,N30-14-1,20,2,0.0,43.0,167.0,14.0,0.0153938040025899,1,1a,1,1
681,0.13,0.14957885639782853,19,N30-14-1,27,2,0.0,43.0,213.0,14.0,0.0153938040025899,1,1a,1,1
682,0.06,0.11025295988008958,19,N30-14-1,11,2,0.0,43.0,157.0,14.0,0.0153938040025899,1,1a,1,1
683,0.21,0.2849622680067284,19,N30-14-1,31,2,0.0,43.0,299.0,14.0,0.0153938040025899,2,1a,1,1
684,0.15,0.1601125786793658,19,N30-14-1,29,2,0.0,43.0,228.0,14.0,0.0153938040025899,1,1a,1,1
685,0.1,0.1242979229221392,19,N30-14-1,21,2,0.0,43.0,177.0,14.0,0.0153938040025899,1,1a,1,1
686,0.06,0.11025295988008958,19,N30-14-1,7,2,0.0,43.0,157.0,14.0,0.0153938040025899,1,1a,1,1
687,0.09,0.1242979229221392,19,N30-14-2,18,2,0.0,43.0,177.0,14.0,0.0153938040025899,1,1a,1,1
688,0.13,0.14185412672470124,19,N30-14-2,23,2,0.0,43.0,202.0,14.0,0.0153938040025899,1,1a,1,1
689,0.11,0.13272490074736898,19,N30-14-2,22,2,0.0,43.0,189.0,14.0,0.0153938040025899,1,1a,1,1
690,0.23,0.28400921694316067,19,N30-14-2,29,2,0.0,43.0,298.0,14.0,0.0153938040025899,2,1a,1,1
691,0.18,0.24684022546402223,19,N30-14-2,28,2,0.0,43.0,259.0,14.0,0.0153938040025899,2,1a,1,1
692,0.1,0.11587094509690943,19,N30-14-2,20,2,0.0,43.0,165.0,14.0,0.0153938040025899,1,1a,1,1
693,0.14,0.15589908976675085,19,N30-14-2,27,2,0.0,43.0,222.0,14.0,0.0153938040025899,1,1a,1,1
694,0.13,0.13904513411629132,19,N30-14-2,26,2,0.0,43.0,198.0,14.0,0.0153938040025899,1,1a,1,1
695,0.1,0.12359567477003672,19,N30-14-2,21,2,0.0,43.0,176.0,14.0,0.0153938040025899,1,1a,1,1
696,0.09,0.11516869694480697,19,N30-14-2,16,2,0.0,43.0,164.0,14.0,0.0153938040025899,1,1a,1,1
697,0.08,0.11516869694480697,19,N30-14-2,13,2,0.0,43.0,164.0,14.0,0.0153938040025899,1,1a,1,1
698,0.14,0.15098335270203353,19,N30-14-2,24,2,0.0,43.0,215.00000000000003,14.0,0.0153938040025899,1,1a,1,1
699,0.08,0.10533722281537221,19,N30-14-2,8,2,0.0,43.0,150.0,14.0,0.0153938040025899,1,1a,1,1
700,0.08,0.1060394709674747,19,N30-14-2,15,2,0.0,43.0,151.0,14.0,0.0153938040025899,1,1a,1,1
701,0.08,0.1060394709674747,19,N30-14-2,11,2,0.0,43.0,151.0,14.0,0.0153938040025899,1,1a,1,1
702,0.2,0.24874632759115753,19,N30-14-3,27,2,0.0,43.0,261.0,14.0,0.0153938040025899,2,1a,1,1
703,0.1,0.1299159081389591,19,N30-14-3,16,2,0.0,43.0,185.0,14.0,0.0153938040025899,1,1a,1,1
704,0.14,0.15098335270203353,19,N30-14-3,23,2,0.0,43.0,215.00000000000003,14.0,0.0153938040025899,1,1a,1,1
705,0.11,0.1242979229221392,19,N30-14-3,20,2,0.0,43.0,177.0,14.0,0.0153938040025899,1,1a,1,1
706,0.09,0.10533722281537221,19,N30-14-3,18,2,0.0,43.0,150.0,14.0,0.0153938040025899,1,1a,1,1
707,0.05,0.11306195248849951,19,N30-14-3,8,2,0.0,43.0,161.0,14.0,0.0153938040025899,1,1a,1,1
708,0.16,0.15730358607095585,19,N30-14-3,26,2,0.0,43.0,224.0,14.0,0.0153938040025899,1,1a,1,1
709,0.08,0.10884846357588462,19,N30-14-3,13,2,0.0,43.0,155.0,14.0,0.0153938040025899,1,1a,1,1
710,0.09,0.11446644879270448,19,N30-14-3,14,2,0.0,43.0,163.0,14.0,0.0153938040025899,1,1a,1,1
711,0.14,0.13553389335577892,19,N30-14-3,25,2,0.0,43.0,193.0,14.0,0.0153938040025899,1,1a,1,1
712,0.09,0.113764200640602,19,N30-14-3,11,2,0.0,43.0,162.0,14.0,0.0153938040025899,1,1a,1,1
713,0.25,0.28591531907029605,19,N30-14-3,28,2,0.0,43.0,300.0,14.0,0.0153938040025899,2,1a,1,1
714,0.12,0.13342714889947146,19,N30-14-3,21,2,0.0,43.0,190.0,14.0,0.0153938040025899,1,1a,1,1
715,0.09,0.12008443400952433,19,N30-14-3,15,2,0.0,43.0,171.0,14.0,0.0153938040025899,1,1a,1,1
716,0.1,0.11587094509690943,19,N30-14-3,19,2,0.0,43.0,165.0,14.0,0.0153938040025899,1,1a,1,1
717,0.13,0.14115187857259875,19,N30-14-3,22,2,0.0,43.0,201.0,14.0,0.0153938040025899,1,1a,1,1
718,0.11,0.1259585522653065,19,N30-20-1,31,2,0.0,40.0,160.0,20.0,0.0314159265358979,2,1a,1,1
719,0.15,0.17398025031645462,19,N30-20-1,33,2,0.0,40.0,221.0,20.0,0.0314159265358979,2,1a,1,1
720,0.13,0.1511502627183678,19,N30-20-1,32,2,0.0,40.0,192.0,20.0,0.0314159265358979,2,1a,1,1
721,0.1,0.12280958845867385,19,N30-20-1,30,2,0.0,40.0,156.0,20.0,0.0314159265358979,2,1a,1,1
722,0.16,0.17319300936479645,19,N30-20-3,30,2,0.0,40.0,220.0,20.0,0.0314159265358979,2,1a,1,1
723,0.15,0.16295887699324027,19,N30-20-3,29,2,0.0,40.0,207.0,20.0,0.0314159265358979,2,1a,1,1
724,0.11,0.12517131131364834,19,N30-20-3,27,2,0.0,40.0,159.0,20.0,0.0314159265358979,2,1a,1,1
725,0.14,0.15036302176670963,19,N30-20-3,28,2,0.0,40.0,191.0,20.0,0.0314159265358979,2,1a,1,1
726,0.13,0.13834288596418884,19,N32-14-1,19,2,0.0,43.0,197.0,14.0,0.0153938040025899,1,1a,1,1
727,0.1,0.13272490074736898,19,N32-14-1,15,2,0.0,43.0,189.0,14.0,0.0153938040025899,1,1a,1,1
728,0.14,0.13834288596418884,19,N32-14-1,23,2,0.0,43.0,197.0,14.0,0.0153938040025899,1,1a,1,1
729,0.19,0.18328676769874766,19,N32-14-1,26,2,0.0,43.0,261.0,14.0,0.0153938040025899,1,1a,1,1
730,0.12,0.14255637487680373,19,N32-14-1,16,2,0.0,43.0,203.0,14.0,0.0153938040025899,1,1a,1,1
731,0.15,0.14887660824572604,19,N32-14-1,24,2,0.0,43.0,212.0,14.0,0.0153938040025899,1,1a,1,1
732,0.13,0.14817436009362359,19,N32-14-1,21,2,0.0,43.0,211.0,14.0,0.0153938040025899,1,1a,1,1
733,0.21,0.21137669378284693,19,N32-14-1,28,2,0.0,43.0,301.0,14.0,0.0153938040025899,1,1a,1,1
734,0.16,0.1601125786793658,19,N32-14-1,25,2,0.0,43.0,228.0,14.0,0.0153938040025899,1,1a,1,1
735,0.19,0.18890475291556752,19,N32-14-1,27,2,0.0,43.0,269.0,14.0,0.0153938040025899,1,1a,1,1
736,0.11,0.13974738226839378,19,N32-14-2,19,2,0.0,43.0,199.0,14.0,0.0153938040025899,1,1a,1,1
737,0.12,0.14957885639782853,19,N32-14-2,16,2,0.0,43.0,213.0,14.0,0.0153938040025899,1,1a,1,1
738,0.2,0.20786545302233453,19,N32-14-2,26,2,0.0,43.0,296.0,14.0,0.0153938040025899,1,1a,1,1
739,0.17,0.1903092492197725,19,N32-14-2,28,2,0.0,43.0,271.0,14.0,0.0153938040025899,1,1a,1,1
740,0.21,0.22963514573751143,19,N32-14-2,30,2,0.0,43.0,327.0,14.0,0.0153938040025899,1,1a,1,1
741,0.12,0.14957885639782853,19,N32-14-2,20,2,0.0,43.0,213.0,14.0,0.0153938040025899,1,1a,1,1
742,0.18,0.18398901585085012,19,N32-14-2,22,2,0.0,43.0,262.0,14.0,0.0153938040025899,1,1a,1,1
743,0.18,0.18820250476346503,19,N32-14-2,25,2,0.0,43.0,268.0,14.0,0.0153938040025899,1,1a,1,1
744,0.18,0.20786545302233453,19,N32-14-2,29,2,0.0,43.0,296.0,14.0,0.0153938040025899,1,1a,1,1
745,0.11,0.13974738226839378,19,N32-14-2,15,2,0.0,43.0,199.0,14.0,0.0153938040025899,1,1a,1,1
746,0.13,0.16081482683146825,19,N32-14-2,21,2,0.0,43.0,229.0,14.0,0.0153938040025899,1,1a,1,1
747,0.11,0.13342714889947146,19,N32-14-2,12,2,0.0,43.0,190.0,14.0,0.0153938040025899,1,1a,1,1
748,0.21,0.20646095671812956,19,N32-14-2,23,2,0.0,43.0,294.0,14.0,0.0153938040025899,1,1a,1,1
749,0.12,0.15098335270203353,19,N32-14-3,24,2,0.0,43.0,215.00000000000003,14.0,0.0153938040025899,1,1a,1,1
750,0.11,0.14255637487680373,19,N32-14-3,23,2,0.0,43.0,203.0,14.0,0.0153938040025899,1,1a,1,1
751,0.15,0.18398901585085012,19,N32-14-3,28,2,0.0,43.0,262.0,14.0,0.0153938040025899,1,1a,1,1
752,0.11,0.14255637487680373,19,N32-14-3,16,2,0.0,43.0,203.0,14.0,0.0153938040025899,1,1a,1,1
753,0.11,0.14255637487680373,19,N32-14-3,20,2,0.0,43.0,203.0,14.0,0.0153938040025899,1,1a,1,1
754,0.19,0.21629243084756428,19,N32-14-3,32,2,0.0,43.0,308.0,14.0,0.0153938040025899,1,1a,1,1
755,0.18,0.20224746780551467,19,N32-14-3,29,2,0.0,43.0,288.0,14.0,0.0153938040025899,1,1a,1,1
756,0.12,0.15660133791885336,19,N32-14-3,27,2,0.0,43.0,223.0,14.0,0.0153938040025899,1,1a,1,1
757,0.22,0.22542165682489654,19,N32-14-3,30,2,0.0,43.0,321.0,14.0,0.0153938040025899,1,1a,1,1
758,0.11,0.13412939705157395,19,N32-14-3,19,2,0.0,43.0,191.0,14.0,0.0153938040025899,1,1a,1,1
759,0.11,0.13834288596418884,19,N32-14-3,26,2,0.0,43.0,197.0,14.0,0.0153938040025899,1,1a,1,1
760,0.09,0.0916514202667296,19,N32-20-1,35,2,0.0,40.0,158.0,20.0,0.0314159265358979,1,1a,1,1
761,0.13,0.17240576841313826,19,N32-20-1,38,2,0.0,40.0,219.0,20.0,0.0314159265358979,2,1a,1,1
762,0.11,0.14957578081505146,19,N32-20-1,36,2,0.0,40.0,190.0,20.0,0.0314159265358979,2,1a,1,1
763,0.08,0.08817098658571454,19,N32-20-1,34,2,0.0,40.0,152.0,20.0,0.0314159265358979,1,1a,1,1
764,0.12,0.15744819033163313,19,N32-20-1,37,2,0.0,40.0,200.0,20.0,0.0314159265358979,2,1a,1,1
765,0.16,0.16925680460650563,19,N32-20-2,28,2,0.0,40.0,215.00000000000003,20.0,0.0314159265358979,2,1a,1,1
766,0.1,0.0916514202667296,19,N32-20-2,26,2,0.0,40.0,158.0,20.0,0.0314159265358979,1,1a,1,1
767,0.13,0.1511502627183678,19,N32-20-2,27,2,0.0,40.0,192.0,20.0,0.0314159265358979,2,1a,1,1
768,0.16,0.17240576841313826,19,N32-20-2,29,2,0.0,40.0,219.0,20.0,0.0314159265358979,2,1a,1,1
769,0.13,0.1487885398633933,19,N32-20-3,32,2,0.0,40.0,189.0,20.0,0.0314159265358979,2,1a,1,1
770,0.11,0.09107134798656041,19,N32-20-3,29,2,0.0,40.0,157.0,20.0,0.0314159265358979,1,1a,1,1
771,0.12,0.09977243218909804,19,N32-20-3,31,2,0.0,40.0,172.0,20.0,0.0314159265358979,1,1a,1,1
772,0.15,0.17161852746148012,19,N32-20-3,33,2,0.0,40.0,218.0,20.0,0.0314159265358979,2,1a,1,1
773,0.19,0.2543295370573171,19,N40-10-1,13,2,0.0,45.0,307.0,10.0,0.0078539816339744,1,1a,1,1
774,0.19,0.25184423213493284,19,N40-10-1,10,2,0.0,45.0,304.0,10.0,0.0078539816339744,1,1a,1,1
775,0.2,0.2435598823936522,19,N40-10-1,6,2,0.0,45.0,294.0,10.0,0.0078539816339744,1,1a,1,1
776,0.22,0.2742119764363907,19,N40-10-1,11,2,0.0,45.0,331.0,10.0,0.0078539816339744,1,1a,1,1
777,0.21,0.2742119764363907,19,N40-10-1,14,2,0.0,45.0,331.0,10.0,0.0078539816339744,1,1a,1,1
778,0.19,0.24604518731603636,19,N40-10-2,18,2,0.0,45.0,297.0,10.0,0.0078539816339744,1,1a,1,1
779,0.18,0.27504041141051877,19,N40-10-2,14,2,0.0,45.0,332.0,10.0,0.0078539816339744,1,1a,1,1
780,0.21,0.26095701685034167,19,N40-10-2,23,2,0.0,45.0,315.0,10.0,0.0078539816339744,1,1a,1,1
781,0.17,0.2551579720314452,19,N40-10-2,13,2,0.0,45.0,308.0,10.0,0.0078539816339744,1,1a,1,1
782,0.16,0.2543295370573171,19,N40-10-2,8,2,0.0,45.0,307.0,10.0,0.0078539816339744,1,1a,1,1
783,0.18,0.27504041141051877,19,N40-10-2,9,2,0.0,45.0,332.0,10.0,0.0078539816339744,1,1a,1,1
784,0.15,0.2352755326523715,19,N40-10-2,12,2,0.0,45.0,284.0,10.0,0.0078539816339744,1,1a,1,1
785,0.2,0.26592762669511005,19,N40-10-2,19,2,0.0,45.0,321.0,10.0,0.0078539816339744,1,1a,1,1
786,0.23,0.28663850104831173,19,N40-10-2,24,2,0.0,45.0,346.0,10.0,0.0078539816339744,1,1a,1,1
787,0.14,0.2435598823936522,19,N40-10-2,7,2,0.0,45.0,294.0,10.0,0.0078539816339744,1,1a,1,1
788,0.25,0.28663850104831173,19,N40-10-2,28,2,0.0,45.0,346.0,10.0,0.0078539816339744,1,1a,1,1
789,0.21,0.2858100660741837,19,N40-10-2,20,2,0.0,45.0,345.0,10.0,0.0078539816339744,1,1a,1,1
790,0.18,0.28166789120354335,19,N40-10-3,8,2,0.0,45.0,340.0,10.0,0.0078539816339744,1,1a,1,1
791,0.18,0.2617854518244697,19,N40-10-3,20,2,0.0,45.0,316.0,10.0,0.0078539816339744,1,1a,1,1
792,0.21,0.2725551064881346,19,N40-10-3,24,2,0.0,45.0,329.0,10.0,0.0078539816339744,1,1a,1,1
793,0.18,0.28166789120354335,19,N40-10-3,16,2,0.0,45.0,340.0,10.0,0.0078539816339744,1,1a,1,1
794,0.17,0.27586884638464687,19,N40-10-3,11,2,0.0,45.0,333.0,10.0,0.0078539816339744,1,1a,1,1
795,0.16,0.26592762669511005,19,N40-10-3,7,2,0.0,45.0,321.0,10.0,0.0078539816339744,1,1a,1,1
796,0.14,0.23693240260062762,19,N40-10-3,10,2,0.0,45.0,286.0,10.0,0.0078539816339744,1,1a,1,1
797,0.14,0.24438831736778027,19,N40-10-3,6,2,0.0,45.0,295.0,10.0,0.0078539816339744,1,1a,1,1
798,0.17,0.2510157971608048,19,N40-10-3,15,2,0.0,45.0,303.0,10.0,0.0078539816339744,1,1a,1,1
799,0.11,0.13061815629106155,19,N40-14-1,17,2,0.0,43.0,186.0,14.0,0.0153938040025899,1,1a,1,1
800,0.16,0.1825845195466452,19,N40-14-1,26,2,0.0,43.0,260.0,14.0,0.0153938040025899,1,1a,1,1
801,0.09,0.11938218585742184,19,N40-14-1,6,2,0.0,43.0,170.0,14.0,0.0153938040025899,1,1a,1,1
802,0.11,0.12780916368265163,19,N40-14-1,7,2,0.0,43.0,182.0,14.0,0.0153938040025899,1,1a,1,1
803,0.1,0.11938218585742184,19,N40-14-1,12,2,0.0,43.0,170.0,14.0,0.0153938040025899,1,1a,1,1
804,0.21,0.30974159565948733,19,N40-14-1,30,2,0.0,43.0,325.0,14.0,0.0153938040025899,2,1a,1,1
805,0.16,0.18750025661136252,19,N40-14-1,28,2,0.0,43.0,267.0,14.0,0.0153938040025899,1,1a,1,1
806,0.09,0.11235970433639704,19,N40-14-1,14,2,0.0,43.0,160.0,14.0,0.0153938040025899,1,1a,1,1
807,0.12,0.14606761563731616,19,N40-14-1,22,2,0.0,43.0,208.0,14.0,0.0153938040025899,1,1a,1,1
808,0.11,0.14606761563731616,19,N40-14-1,20,2,0.0,43.0,208.0,14.0,0.0153938040025899,1,1a,1,1
809,0.11,0.12640466737844666,19,N40-14-1,21,2,0.0,43.0,180.0,14.0,0.0153938040025899,1,1a,1,1
810,0.12,0.1432586230289062,19,N40-14-1,24,2,0.0,43.0,204.0,14.0,0.0153938040025899,1,1a,1,1
811,0.09,0.10533722281537221,19,N40-14-1,15,2,0.0,43.0,150.0,14.0,0.0153938040025899,1,1a,1,1
812,0.18,0.2725726041803489,19,N40-14-1,29,2,0.0,43.0,286.0,14.0,0.0153938040025899,2,1a,1,1
813,0.09,0.10533722281537221,19,N40-14-1,11,2,0.0,43.0,150.0,14.0,0.0153938040025899,1,1a,1,1
814,0.12,0.1369383896599839,19,N40-14-1,18,2,0.0,43.0,195.0,14.0,0.0153938040025899,1,1a,1,1
815,0.1,0.12008443400952433,19,N40-14-1,16,2,0.0,43.0,171.0,14.0,0.0153938040025899,1,1a,1,1
816,0.09,0.1369383896599839,19,N40-14-1,9,2,0.0,43.0,195.0,14.0,0.0153938040025899,1,1a,1,1
817,0.13,0.15800583422305833,19,N40-14-1,25,2,0.0,43.0,225.0,14.0,0.0153938040025899,1,1a,1,1
818,0.07,0.10884846357588462,19,N40-14-2,7,2,0.0,43.0,155.0,14.0,0.0153938040025899,1,1a,1,1
819,0.21,0.18398901585085012,19,N40-14-2,26,2,0.0,43.0,262.0,14.0,0.0153938040025899,1,1a,1,1
820,0.14,0.14255637487680373,19,N40-14-2,21,2,0.0,43.0,203.0,14.0,0.0153938040025899,1,1a,1,1
821,0.09,0.1060394709674747,19,N40-14-2,13,2,0.0,43.0,151.0,14.0,0.0153938040025899,1,1a,1,1
822,0.13,0.12640466737844666,19,N40-14-2,23,2,0.0,43.0,180.0,14.0,0.0153938040025899,1,1a,1,1
823,0.1,0.11867993770531939,19,N40-14-2,14,2,0.0,43.0,169.0,14.0,0.0153938040025899,1,1a,1,1
824,0.11,0.12921365998685658,19,N40-14-2,15,2,0.0,43.0,184.0,14.0,0.0153938040025899,1,1a,1,1
825,0.13,0.12851141183475412,19,N40-14-2,16,2,0.0,43.0,183.0,14.0,0.0153938040025899,1,1a,1,1
826,0.13,0.13202265259526652,19,N40-14-2,20,2,0.0,43.0,188.0,14.0,0.0153938040025899,1,1a,1,1
827,0.12,0.1299159081389591,19,N40-14-2,18,2,0.0,43.0,185.0,14.0,0.0153938040025899,1,1a,1,1
828,0.26,0.28591531907029605,19,N40-14-2,27,2,0.0,43.0,300.0,14.0,0.0153938040025899,2,1a,1,1
829,0.16,0.15941033052726328,19,N40-14-2,25,2,0.0,43.0,227.0,14.0,0.0153938040025899,1,1a,1,1
830,0.1,0.10884846357588462,19,N40-14-2,11,2,0.0,43.0,155.0,14.0,0.0153938040025899,1,1a,1,1
831,0.12,0.1172754414011144,19,N40-14-2,19,2,0.0,43.0,167.0,14.0,0.0153938040025899,1,1a,1,1
832,0.14,0.14606761563731616,19,N40-14-2,24,2,0.0,43.0,208.0,14.0,0.0153938040025899,1,1a,1,1
833,0.15,0.14957885639782853,19,N40-14-3,23,2,0.0,43.0,213.0,14.0,0.0153938040025899,1,1a,1,1
834,0.11,0.12359567477003672,19,N40-14-3,18,2,0.0,43.0,176.0,14.0,0.0153938040025899,1,1a,1,1
835,0.16,0.18398901585085012,19,N40-14-3,27,2,0.0,43.0,262.0,14.0,0.0153938040025899,1,1a,1,1
836,0.12,0.12710691553054915,19,N40-14-3,15,2,0.0,43.0,181.0,14.0,0.0153938040025899,1,1a,1,1
837,0.14,0.1523878490062385,19,N40-14-3,21,2,0.0,43.0,217.00000000000003,14.0,0.0153938040025899,1,1a,1,1
838,0.17,0.17134854911300545,19,N40-14-3,24,2,0.0,43.0,244.0,14.0,0.0153938040025899,1,1a,1,1
839,0.12,0.13483164520367644,19,N40-14-3,19,2,0.0,43.0,192.0,14.0,0.0153938040025899,1,1a,1,1
840,0.13,0.1369383896599839,19,N40-14-3,16,2,0.0,43.0,195.0,14.0,0.0153938040025899,1,1a,1,1
841,0.1,0.1067417191195772,19,N40-14-3,6,2,0.0,43.0,152.0,14.0,0.0153938040025899,1,1a,1,1
842,0.15,0.170646300960903,19,N40-14-3,26,2,0.0,43.0,243.0,14.0,0.0153938040025899,1,1a,1,1
843,0.13,0.14255637487680373,19,N40-14-3,20,2,0.0,43.0,203.0,14.0,0.0153938040025899,1,1a,1,1
844,0.11,0.12570241922634418,19,N40-14-3,11,2,0.0,43.0,179.0,14.0,0.0153938040025899,1,1a,1,1
845,0.13,0.13483164520367644,19,N40-14-3,12,2,0.0,43.0,192.0,14.0,0.0153938040025899,1,1a,1,1
846,0.11,0.11797768955321689,19,N40-14-3,14,2,0.0,43.0,168.0,14.0,0.0153938040025899,1,1a,1,1
847,0.2,0.2868683701338637,19,N40-14-3,28,2,0.0,43.0,301.0,14.0,0.0153938040025899,2,1a,1,1
848,0.11,0.11938218585742184,19,N40-14-3,10,2,0.0,43.0,170.0,14.0,0.0153938040025899,1,1a,1,1
849,0.09,0.10744396727167965,19,N40-14-3,9,2,0.0,43.0,153.0,14.0,0.0153938040025899,1,1a,1,1
850,0.1,0.12280958845867385,19,N40-20-1,36,2,0.0,40.0,156.0,20.0,0.0314159265358979,2,1a,1,1
851,0.14,0.17161852746148012,19,N40-20-1,40,2,0.0,40.0,218.0,20.0,0.0314159265358979,2,1a,1,1
852,0.1,0.12359682941033202,19,N40-20-1,38,2,0.0,40.0,157.0,20.0,0.0314159265358979,2,1a,1,1
853,0.12,0.1487885398633933,19,N40-20-1,39,2,0.0,40.0,189.0,20.0,0.0314159265358979,2,1a,1,1
854,0.1,0.12359682941033202,19,N40-20-2,30,2,0.0,40.0,157.0,20.0,0.0314159265358979,2,1a,1,1
855,0.16,0.17161852746148012,19,N40-20-2,32,2,0.0,40.0,218.0,20.0,0.0314159265358979,2,1a,1,1
856,0.13,0.14800129891173514,19,N40-20-2,31,2,0.0,40.0,188.0,20.0,0.0314159265358979,2,1a,1,1
857,0.14,0.16295887699324027,19,N40-20-3,32,2,0.0,40.0,207.0,20.0,0.0314159265358979,2,1a,1,1
858,0.12,0.15036302176670963,19,N40-20-3,31,2,0.0,40.0,191.0,20.0,0.0314159265358979,2,1a,1,1
859,0.15,0.17161852746148012,19,N40-20-3,33,2,0.0,40.0,218.0,20.0,0.0314159265358979,2,1a,1,1
860,0.1,0.12517131131364834,19,N40-20-3,30,2,0.0,40.0,159.0,20.0,0.0314159265358979,2,1a,1,1
861,0.12,0.14606761563731616,19,N42-14-1,22,2,0.0,43.0,208.0,14.0,0.0153938040025899,1,1a,1,1
862,0.16,0.18750025661136252,19,N42-14-1,27,2,0.0,43.0,267.0,14.0,0.0153938040025899,1,1a,1,1
863,0.16,0.1825845195466452,19,N42-14-1,26,2,0.0,43.0,260.0,14.0,0.0153938040025899,1,1a,1,1
864,0.13,0.15800583422305833,19,N42-14-1,25,2,0.0,43.0,225.0,14.0,0.0153938040025899,1,1a,1,1
865,0.12,0.1432586230289062,19,N42-14-1,24,2,0.0,43.0,204.0,14.0,0.0153938040025899,1,1a,1,1
866,0.09,0.1369383896599839,19,N42-14-1,9,2,0.0,43.0,195.0,14.0,0.0153938040025899,1,1a,1,1
867,0.11,0.14606761563731616,19,N42-14-1,20,2,0.0,43.0,208.0,14.0,0.0153938040025899,1,1a,1,1
868,0.21,0.22823064943330645,19,N42-14-1,29,2,0.0,43.0,325.0,14.0,0.0153938040025899,1,1a,1,1
869,0.18,0.2008429715013097,19,N42-14-1,28,2,0.0,43.0,286.0,14.0,0.0153938040025899,1,1a,1,1
870,0.12,0.1369383896599839,19,N42-14-1,18,2,0.0,43.0,195.0,14.0,0.0153938040025899,1,1a,1,1
871,0.12,0.1404496304204963,19,N42-14-2,18,2,0.0,43.0,200.0,14.0,0.0153938040025899,1,1a,1,1
872,0.14,0.1601125786793658,19,N42-14-2,23,2,0.0,43.0,228.0,14.0,0.0153938040025899,1,1a,1,1
873,0.13,0.13974738226839378,19,N42-14-2,12,2,0.0,43.0,199.0,14.0,0.0153938040025899,1,1a,1,1
874,0.12,0.13974738226839378,19,N42-14-2,15,2,0.0,43.0,199.0,14.0,0.0153938040025899,1,1a,1,1
875,0.12,0.1404496304204963,19,N42-14-2,21,2,0.0,43.0,200.0,14.0,0.0153938040025899,1,1a,1,1
876,0.16,0.1811800232424402,19,N42-14-2,26,2,0.0,43.0,258.0,14.0,0.0153938040025899,1,1a,1,1
877,0.13,0.1474721119415211,19,N42-14-2,22,2,0.0,43.0,210.0,14.0,0.0153938040025899,1,1a,1,1
878,0.2,0.20646095671812956,19,N42-14-2,27,2,0.0,43.0,294.0,14.0,0.0153938040025899,1,1a,1,1
879,0.15,0.17205079726510797,19,N42-14-2,25,2,0.0,43.0,245.0,14.0,0.0153938040025899,1,1a,1,1
880,0.19,0.19592723443659232,19,N42-14-3,28,2,0.0,43.0,279.0,14.0,0.0153938040025899,1,1a,1,1
881,0.13,0.16081482683146825,19,N42-14-3,24,2,0.0,43.0,229.0,14.0,0.0153938040025899,1,1a,1,1
882,0.2,0.20786545302233453,19,N42-14-3,29,2,0.0,43.0,296.0,14.0,0.0153938040025899,1,1a,1,1
883,0.19,0.19522498628448984,19,N42-14-3,26,2,0.0,43.0,278.0,14.0,0.0153938040025899,1,1a,1,1
884,0.1,0.13834288596418884,19,N42-14-3,22,2,0.0,43.0,197.0,14.0,0.0153938040025899,1,1a,1,1
885,0.17,0.18398901585085012,19,N42-14-3,25,2,0.0,43.0,262.0,14.0,0.0153938040025899,1,1a,1,1
886,0.12,0.14957885639782853,19,N42-14-3,23,2,0.0,43.0,213.0,14.0,0.0153938040025899,1,1a,1,1
887,0.12,0.16925680460650563,19,N42-20-1,33,2,0.0,40.0,215.00000000000003,20.0,0.0314159265358979,2,1a,1,1
888,0.1,0.09223149254689877,19,N42-20-1,30,2,0.0,40.0,159.0,20.0,0.0314159265358979,1,1a,1,1
889,0.09,0.08817098658571454,19,N42-20-1,29,2,0.0,40.0,152.0,20.0,0.0314159265358979,1,1a,1,1
890,0.12,0.15036302176670963,19,N42-20-1,31,2,0.0,40.0,191.0,20.0,0.0314159265358979,2,1a,1,1
891,0.12,0.16295887699324027,19,N42-20-1,32,2,0.0,40.0,207.0,20.0,0.0314159265358979,2,1a,1,1
892,0.12,0.17555473221977094,19,N42-20-1,34,2,0.0,40.0,223.0,20.0,0.0314159265358979,2,1a,1,1
893,0.14,0.17555473221977094,19,N42-20-2,30,2,0.0,40.0,223.0,20.0,0.0314159265358979,2,1a,1,1
894,0.08,0.09281156482706795,19,N42-20-2,28,2,0.0,40.0,160.0,20.0,0.0314159265358979,1,1a,1,1
895,0.11,0.15036302176670963,19,N42-20-2,29,2,0.0,40.0,191.0,20.0,0.0314159265358979,2,1a,1,1
896,0.11,0.1511502627183678,19,N42-20-3,34,2,0.0,40.0,192.0,20.0,0.0314159265358979,2,1a,1,1
897,0.11,0.09745214306842134,19,N42-20-3,29,2,0.0,40.0,168.0,20.0,0.0314159265358979,1,1a,1,1
898,0.11,0.15036302176670963,19,N42-20-3,32,2,0.0,40.0,191.0,20.0,0.0314159265358979,2,1a,1,1
899,0.13,0.17319300936479645,19,N42-20-3,35,2,0.0,40.0,220.0,20.0,0.0314159265358979,2,1a,1,1
900,0.11,0.09281156482706795,19,N42-20-3,27,2,0.0,40.0,160.0,20.0,0.0314159265358979,1,1a,1,1
901,0.11,0.10673329955112813,19,N42-20-3,33,2,0.0,40.0,184.0,20.0,0.0314159265358979,1,1a,1,1
902,0.12,0.10209272130977474,19,N42-20-3,30,2,0.0,40.0,176.0,20.0,0.0314159265358979,1,1a,1,1
903,0.08,0.11165745618429455,19,S20-14-2,15,2,0.0,43.0,159.0,14.0,0.0153938040025899,1,1a,1,1
904,0.09,0.11165745618429455,19,S20-14-2,19,2,0.0,43.0,159.0,14.0,0.0153938040025899,1,1a,1,1
905,0.19,0.2563707360996988,19,S20-14-2,27,2,0.0,43.0,269.0,14.0,0.0153938040025899,2,1a,1,1
906,0.11,0.13412939705157395,19,S20-14-2,25,2,0.0,43.0,191.0,14.0,0.0153938040025899,1,1a,1,1
907,0.09,0.13412939705157395,19,S20-14-2,22,2,0.0,43.0,191.0,14.0,0.0153938040025899,1,1a,1,1
908,0.1,0.12289342661793423,19,S20-14-2,20,2,0.0,43.0,175.0,14.0,0.0153938040025899,1,1a,1,1
909,0.23,0.29544582970597255,19,S20-14-2,28,2,0.0,43.0,310.0,14.0,0.0153938040025899,2,1a,1,1
910,0.08,0.10744396727167965,19,S20-14-2,12,2,0.0,43.0,153.0,14.0,0.0153938040025899,1,1a,1,1
911,0.15,0.16081482683146825,19,S20-14-2,26,2,0.0,43.0,229.0,14.0,0.0153938040025899,1,1a,1,1
912,0.11,0.12289342661793423,19,S20-14-2,24,2,0.0,43.0,175.0,14.0,0.0153938040025899,1,1a,1,1
913,0.07,0.12148893031372929,19,S20-14-2,17,2,0.0,43.0,173.0,14.0,0.0153938040025899,1,1a,1,1
914,0.11,0.14327785320178615,19,S20-20-1,33,2,0.0,40.0,182.0,20.0,0.0314159265358979,2,1a,1,1
915,0.14,0.17319300936479645,19,S20-20-1,34,2,0.0,40.0,220.0,20.0,0.0314159265358979,2,1a,1,1
916,0.15,0.17555473221977094,19,S20-20-2,27,2,0.0,40.0,223.0,20.0,0.0314159265358979,2,1a,1,1
917,0.12,0.14563957605676064,19,S20-20-2,26,2,0.0,40.0,185.0,20.0,0.0314159265358979,2,1a,1,1
918,0.14,0.17977552693823523,19,S22-14-1,32,2,0.0,43.0,256.0,14.0,0.0153938040025899,1,1a,1,1
919,0.1,0.15519684161464842,19,S22-14-1,26,2,0.0,43.0,221.00000000000003,14.0,0.0153938040025899,1,1a,1,1
920,0.1,0.14466311933311118,19,S22-14-1,24,2,0.0,43.0,206.0,14.0,0.0153938040025899,1,1a,1,1
921,0.2,0.22893289758540897,19,S22-14-1,34,2,0.0,43.0,326.0,14.0,0.0153938040025899,1,1a,1,1
922,0.11,0.151685600854136,19,S22-14-1,28,2,0.0,43.0,216.0,14.0,0.0153938040025899,1,1a,1,1
923,0.17,0.20224746780551467,19,S22-14-1,33,2,0.0,43.0,288.0,14.0,0.0153938040025899,1,1a,1,1
924,0.11,0.15519684161464842,19,S22-14-1,25,2,0.0,43.0,221.00000000000003,14.0,0.0153938040025899,1,1a,1,1
925,0.13,0.1671350602003906,19,S22-14-1,31,2,0.0,43.0,238.00000000000003,14.0,0.0153938040025899,1,1a,1,1
926,0.11,0.14466311933311118,19,S22-14-1,30,2,0.0,43.0,206.0,14.0,0.0153938040025899,1,1a,1,1
927,0.1,0.14466311933311118,19,S22-14-1,21,2,0.0,43.0,206.0,14.0,0.0153938040025899,1,1a,1,1
928,0.14,0.18820250476346503,19,S22-14-2,29,2,0.0,43.0,268.0,14.0,0.0153938040025899,1,1a,1,1
929,0.16,0.20716320487023207,19,S22-14-2,30,2,0.0,43.0,295.0,14.0,0.0153938040025899,1,1a,1,1
930,0.1,0.1523878490062385,19,S22-14-2,25,2,0.0,43.0,217.00000000000003,14.0,0.0153938040025899,1,1a,1,1
931,0.09,0.14185412672470124,19,S22-14-2,13,2,0.0,43.0,202.0,14.0,0.0153938040025899,1,1a,1,1
932,0.09,0.14115187857259875,19,S22-14-2,9,2,0.0,43.0,201.0,14.0,0.0153938040025899,1,1a,1,1
933,0.08,0.14887660824572604,19,S22-14-2,22,2,0.0,43.0,212.0,14.0,0.0153938040025899,1,1a,1,1
934,0.13,0.16783730835249305,19,S22-14-2,28,2,0.0,43.0,239.0,14.0,0.0153938040025899,1,1a,1,1
935,0.19,0.23384863465012634,19,S22-14-2,31,2,0.0,43.0,333.0,14.0,0.0153938040025899,1,1a,1,1
936,0.11,0.15941033052726328,19,S22-14-2,26,2,0.0,43.0,227.0,14.0,0.0153938040025899,1,1a,1,1
937,0.18,0.23244413834592137,19,S22-14-2,33,2,0.0,43.0,331.0,14.0,0.0153938040025899,1,1a,1,1
938,0.09,0.14676986378941861,19,S22-14-2,17,2,0.0,43.0,209.0,14.0,0.0153938040025899,1,1a,1,1
939,0.16,0.21559018269546176,19,S22-14-3,29,2,0.0,43.0,307.0,14.0,0.0153938040025899,1,1a,1,1
940,0.13,0.15870808237516082,19,S22-14-3,27,2,0.0,43.0,226.0,14.0,0.0153938040025899,1,1a,1,1
941,0.14,0.16292157128777568,19,S22-14-3,25,2,0.0,43.0,232.0,14.0,0.0153938040025899,1,1a,1,1
942,0.16,0.18820250476346503,19,S22-14-3,30,2,0.0,43.0,268.0,14.0,0.0153938040025899,1,1a,1,1
943,0.13,0.14536536748521364,19,S22-14-3,16,2,0.0,43.0,207.0,14.0,0.0153938040025899,1,1a,1,1
944,0.13,0.15098335270203353,19,S22-14-3,24,2,0.0,43.0,215.00000000000003,14.0,0.0153938040025899,1,1a,1,1
945,0.19,0.24016886801904866,19,S22-14-3,35,2,0.0,43.0,342.0,14.0,0.0153938040025899,1,1a,1,1
946,0.18,0.21699467899966673,19,S22-14-3,34,2,0.0,43.0,309.0,14.0,0.0153938040025899,1,1a,1,1
947,0.13,0.151685600854136,19,S22-14-3,20,2,0.0,43.0,216.0,14.0,0.0153938040025899,1,1a,1,1
948,0.18,0.21559018269546176,19,S22-14-3,31,2,0.0,43.0,307.0,14.0,0.0153938040025899,1,1a,1,1
949,0.19,0.2310396420417164,19,S22-14-3,32,2,0.0,43.0,329.0,14.0,0.0153938040025899,1,1a,1,1
950,0.09,0.0916514202667296,19,S22-20-1,30,2,0.0,40.0,158.0,20.0,0.0314159265358979,1,1a,1,1
951,0.09,0.0870108420253762,19,S22-20-1,32,2,0.0,40.0,150.0,20.0,0.0314159265358979,1,1a,1,1
952,0.11,0.10847351639163567,19,S22-20-1,34,2,0.0,40.0,187.0,20.0,0.0314159265358979,1,1a,1,1
953,0.14,0.17634197317142913,19,S22-20-1,35,2,0.0,40.0,224.00000000000003,20.0,0.0314159265358979,2,1a,1,1
954,0.09,0.09629199850808298,19,S22-20-1,33,2,0.0,40.0,166.0,20.0,0.0314159265358979,1,1a,1,1
955,0.08,0.09049127570639123,19,S22-20-2,29,2,0.0,40.0,156.0,20.0,0.0314159265358979,1,1a,1,1
956,0.1,0.1078934441114665,19,S22-20-2,30,2,0.0,40.0,186.0,20.0,0.0314159265358979,1,1a,1,1
957,0.12,0.17476749126811275,19,S22-20-2,31,2,0.0,40.0,222.0,20.0,0.0314159265358979,2,1a,1,1
958,0.12,0.14957578081505146,19,S22-20-3,29,2,0.0,40.0,190.0,20.0,0.0314159265358979,2,1a,1,1
959,0.16,0.1779164550747454,19,S22-20-3,30,2,0.0,40.0,226.0,20.0,0.0314159265358979,2,1a,1,1
960,0.09,0.08759091430554537,19,S22-20-3,28,2,0.0,40.0,151.0,20.0,0.0314159265358979,1,1a,1,1
961,0.09,0.13412939705157395,19,S30-14-1,26,2,0.0,43.0,191.0,14.0,0.0153938040025899,1,1a,1,1
962,0.08,0.13412939705157395,19,S30-14-1,22,2,0.0,43.0,191.0,14.0,0.0153938040025899,1,1a,1,1
963,0.08,0.11938218585742184,19,S30-14-1,28,2,0.0,43.0,170.0,14.0,0.0153938040025899,1,1a,1,1
964,0.1,0.14536536748521364,19,S30-14-1,30,2,0.0,43.0,207.0,14.0,0.0153938040025899,1,1a,1,1
965,0.06,0.1369383896599839,19,S30-14-1,19,2,0.0,43.0,195.0,14.0,0.0153938040025899,1,1a,1,1
966,0.19,0.3154599020408933,19,S30-14-1,34,2,0.0,43.0,331.0,14.0,0.0153938040025899,2,1a,1,1
967,0.1,0.13764063781208635,19,S30-14-1,29,2,0.0,43.0,196.0,14.0,0.0153938040025899,1,1a,1,1
968,0.09,0.1404496304204963,19,S30-14-1,23,2,0.0,43.0,200.0,14.0,0.0153938040025899,1,1a,1,1
969,0.13,0.17626428617772286,19,S30-14-1,32,2,0.0,43.0,251.0,14.0,0.0153938040025899,1,1a,1,1
970,0.1,0.14606761563731616,19,S30-14-1,27,2,0.0,43.0,208.0,14.0,0.0153938040025899,1,1a,1,1
971,0.11,0.15941033052726328,19,S30-14-1,31,2,0.0,43.0,227.0,14.0,0.0153938040025899,1,1a,1,1
972,0.16,0.20154521965341216,19,S30-14-1,33,2,0.0,43.0,287.0,14.0,0.0153938040025899,1,1a,1,1
973,0.07,0.1242979229221392,19,S30-14-1,17,2,0.0,43.0,177.0,14.0,0.0153938040025899,1,1a,1,1
974,0.08,0.11797768955321689,19,S30-14-2,15,2,0.0,43.0,168.0,14.0,0.0153938040025899,1,1a,1,1
975,0.09,0.1299159081389591,19,S30-14-2,20,2,0.0,43.0,185.0,14.0,0.0153938040025899,1,1a,1,1
976,0.09,0.15028110454993104,19,S30-14-2,23,2,0.0,43.0,214.0,14.0,0.0153938040025899,1,1a,1,1
977,0.14,0.1741575417214154,19,S30-14-2,31,2,0.0,43.0,248.0,14.0,0.0153938040025899,1,1a,1,1
978,0.14,0.17556203802562037,19,S30-14-2,34,2,0.0,43.0,250.0,14.0,0.0153938040025899,1,1a,1,1
979,0.05,0.12008443400952433,19,S30-14-2,12,2,0.0,43.0,171.0,14.0,0.0153938040025899,1,1a,1,1
980,0.2,0.313553799913758,19,S30-14-2,36,2,0.0,43.0,329.0,14.0,0.0153938040025899,2,1a,1,1
981,0.11,0.14817436009362359,19,S30-14-2,26,2,0.0,43.0,211.0,14.0,0.0153938040025899,1,1a,1,1
982,0.09,0.1172754414011144,19,S30-14-2,24,2,0.0,43.0,167.0,14.0,0.0153938040025899,1,1a,1,1
983,0.13,0.15449459346254593,19,S30-14-2,30,2,0.0,43.0,220.0,14.0,0.0153938040025899,1,1a,1,1
984,0.17,0.20575870856602707,19,S30-14-2,35,2,0.0,43.0,293.0,14.0,0.0153938040025899,1,1a,1,1
985,0.12,0.16151707498357074,19,S30-14-2,27,2,0.0,43.0,230.0,14.0,0.0153938040025899,1,1a,1,1
986,0.1,0.13974738226839378,19,S30-14-2,21,2,0.0,43.0,199.0,14.0,0.0153938040025899,1,1a,1,1
987,0.1,0.1299159081389591,19,S30-14-2,25,2,0.0,43.0,185.0,14.0,0.0153938040025899,1,1a,1,1
988,0.09,0.12780916368265163,19,S30-14-2,16,2,0.0,43.0,182.0,14.0,0.0153938040025899,1,1a,1,1
989,0.09,0.11797768955321689,19,S30-14-2,19,2,0.0,43.0,168.0,14.0,0.0153938040025899,1,1a,1,1
990,0.12,0.14185412672470124,19,S30-14-2,29,2,0.0,43.0,202.0,14.0,0.0153938040025899,1,1a,1,1
991,0.07,0.1369383896599839,19,S30-14-3,17,2,0.0,43.0,195.0,14.0,0.0153938040025899,1,1a,1,1
992,0.08,0.12570241922634418,19,S30-14-3,15,2,0.0,43.0,179.0,14.0,0.0153938040025899,1,1a,1,1
993,0.08,0.1172754414011144,19,S30-14-3,19,2,0.0,43.0,167.0,14.0,0.0153938040025899,1,1a,1,1
994,0.11,0.14466311933311118,19,S30-14-3,22,2,0.0,43.0,206.0,14.0,0.0153938040025899,1,1a,1,1
995,0.09,0.14606761563731616,19,S30-14-3,24,2,0.0,43.0,208.0,14.0,0.0153938040025899,1,1a,1,1
996,0.1,0.13553389335577892,19,S30-14-3,21,2,0.0,43.0,193.0,14.0,0.0153938040025899,1,1a,1,1
997,0.16,0.1853935121550551,19,S30-14-3,33,2,0.0,43.0,264.0,14.0,0.0153938040025899,1,1a,1,1
998,0.13,0.13974738226839378,19,S30-14-3,31,2,0.0,43.0,199.0,14.0,0.0153938040025899,1,1a,1,1
999,0.13,0.16081482683146825,19,S30-14-3,28,2,0.0,43.0,229.0,14.0,0.0153938040025899,1,1a,1,1
1000,0.15,0.17626428617772286,19,S30-14-3,32,2,0.0,43.0,251.0,14.0,0.0153938040025899,1,1a,1,1
1001,0.13,0.1404496304204963,19,S30-14-3,30,2,0.0,43.0,200.0,14.0,0.0153938040025899,1,1a,1,1
1002,0.1,0.12710691553054915,19,S30-14-3,26,2,0.0,43.0,181.0,14.0,0.0153938040025899,1,1a,1,1
1003,0.09,0.12780916368265163,19,S30-14-3,20,2,0.0,43.0,182.0,14.0,0.0153938040025899,1,1a,1,1
1004,0.07,0.1172754414011144,19,S30-14-3,14,2,0.0,43.0,167.0,14.0,0.0153938040025899,1,1a,1,1
1005,0.12,0.14466311933311118,19,S30-14-3,27,2,0.0,43.0,206.0,14.0,0.0153938040025899,1,1a,1,1
1006,0.23,0.32594346374013744,19,S30-14-3,35,2,0.0,43.0,342.0,14.0,0.0153938040025899,2,1a,1,1
1007,0.19,0.21418568639125685,19,S30-14-3,34,2,0.0,43.0,305.0,14.0,0.0153938040025899,1,1a,1,1
1008,0.14,0.18500162363966893,19,S30-20-1,32,2,0.0,40.0,235.0,20.0,0.0314159265358979,2,1a,1,1
1009,0.15,0.16610784079987295,19,S30-20-1,31,2,0.0,40.0,211.00000000000003,20.0,0.0314159265358979,2,1a,1,1
1010,0.14,0.17083128650982193,19,S30-20-1,33,2,0.0,40.0,217.0,20.0,0.0314159265358979,2,1a,1,1
1011,0.11,0.13383096178188816,19,S30-20-1,30,2,0.0,40.0,170.0,20.0,0.0314159265358979,2,1a,1,1
1012,0.16,0.1794909369780618,19,S30-20-2,35,2,0.0,40.0,228.00000000000003,20.0,0.0314159265358979,2,1a,1,1
1013,0.09,0.08991120342622208,19,S30-20-2,33,2,0.0,40.0,155.0,20.0,0.0314159265358979,1,1a,1,1
1014,0.13,0.14957578081505146,19,S30-20-2,34,2,0.0,40.0,190.0,20.0,0.0314159265358979,2,1a,1,1
1015,0.07,0.08759091430554537,19,S30-20-3,35,2,0.0,40.0,151.0,20.0,0.0314159265358979,1,1a,1,1
1016,0.1,0.14957578081505146,19,S30-20-3,36,2,0.0,40.0,190.0,20.0,0.0314159265358979,2,1a,1,1
1017,0.12,0.18027817792971992,19,S30-20-3,37,2,0.0,40.0,229.0,20.0,0.0314159265358979,2,1a,1,1
1018,0.1,0.16221932313567322,19,S32-14-1,16,2,0.0,43.0,231.0,14.0,0.0153938040025899,1,1a,1,1
1019,0.11,0.16221932313567322,19,S32-14-1,20,2,0.0,43.0,231.0,14.0,0.0153938040025899,1,1a,1,1
1020,0.09,0.14887660824572604,19,S32-14-1,11,2,0.0,43.0,212.0,14.0,0.0153938040025899,1,1a,1,1
1021,0.19,0.23384863465012634,19,S32-14-1,29,2,0.0,43.0,333.0,14.0,0.0153938040025899,1,1a,1,1
1022,0.18,0.2092699493265395,19,S32-14-1,28,2,0.0,43.0,298.0,14.0,0.0153938040025899,1,1a,1,1
1023,0.14,0.18960700106767,19,S32-14-1,22,2,0.0,43.0,270.0,14.0,0.0153938040025899,1,1a,1,1
1024,0.19,0.2268261531291015,19,S32-14-1,26,2,0.0,43.0,323.0,14.0,0.0153938040025899,1,1a,1,1
1025,0.15,0.19522498628448984,19,S32-14-1,25,2,0.0,43.0,278.0,14.0,0.0153938040025899,1,1a,1,1
1026,0.1,0.15309009715834096,19,S32-14-1,15,2,0.0,43.0,218.0,14.0,0.0153938040025899,1,1a,1,1
1027,0.12,0.15730358607095585,19,S32-14-1,24,2,0.0,43.0,224.0,14.0,0.0153938040025899,1,1a,1,1
1028,0.11,0.170646300960903,19,S32-14-1,17,2,0.0,43.0,243.0,14.0,0.0153938040025899,1,1a,1,1
1029,0.13,0.17977552693823523,19,S32-14-1,21,2,0.0,43.0,256.0,14.0,0.0153938040025899,1,1a,1,1
1030,0.08,0.15941033052726328,19,S32-14-2,15,2,0.0,43.0,227.0,14.0,0.0153938040025899,1,1a,1,1
1031,0.11,0.15800583422305833,19,S32-14-2,14,2,0.0,43.0,225.0,14.0,0.0153938040025899,1,1a,1,1
1032,0.1,0.14466311933311118,19,S32-14-2,17,2,0.0,43.0,206.0,14.0,0.0153938040025899,1,1a,1,1
1033,0.13,0.17626428617772286,19,S32-14-2,20,2,0.0,43.0,251.0,14.0,0.0153938040025899,1,1a,1,1
1034,0.11,0.15800583422305833,19,S32-14-2,23,2,0.0,43.0,225.0,14.0,0.0153938040025899,1,1a,1,1
1035,0.09,0.14396087118100873,19,S32-14-2,13,2,0.0,43.0,205.0,14.0,0.0153938040025899,1,1a,1,1
1036,0.11,0.15730358607095585,19,S32-14-2,18,2,0.0,43.0,224.0,14.0,0.0153938040025899,1,1a,1,1
1037,0.22,0.22612390497699902,19,S32-14-2,32,2,0.0,43.0,322.0,14.0,0.0153938040025899,1,1a,1,1
1038,0.12,0.17626428617772286,19,S32-14-2,24,2,0.0,43.0,251.0,14.0,0.0153938040025899,1,1a,1,1
1039,0.15,0.19382048998028487,19,S32-14-2,28,2,0.0,43.0,276.0,14.0,0.0153938040025899,1,1a,1,1
1040,0.13,0.18047777509033772,19,S32-14-2,27,2,0.0,43.0,257.0,14.0,0.0153938040025899,1,1a,1,1
1041,0.23,0.23174189019381886,19,S32-14-2,30,2,0.0,43.0,330.0,14.0,0.0153938040025899,1,1a,1,1
1042,0.11,0.16432606759198065,19,S32-14-2,19,2,0.0,43.0,234.0,14.0,0.0153938040025899,1,1a,1,1
1043,0.19,0.2148879345433593,19,S32-14-2,29,2,0.0,43.0,306.0,14.0,0.0153938040025899,1,1a,1,1
1044,0.16,0.20224746780551467,19,S32-14-3,31,2,0.0,43.0,288.0,14.0,0.0153938040025899,1,1a,1,1
1045,0.11,0.16502831574408314,19,S32-14-3,22,2,0.0,43.0,235.0,14.0,0.0153938040025899,1,1a,1,1
1046,0.19,0.23033739388961394,19,S32-14-3,32,2,0.0,43.0,328.0,14.0,0.0153938040025899,1,1a,1,1
1047,0.11,0.16081482683146825,19,S32-14-3,26,2,0.0,43.0,229.0,14.0,0.0153938040025899,1,1a,1,1
1048,0.1,0.14817436009362359,19,S32-14-3,20,2,0.0,43.0,211.0,14.0,0.0153938040025899,1,1a,1,1
1049,0.14,0.16924180465669802,19,S32-14-3,30,2,0.0,43.0,241.0,14.0,0.0153938040025899,1,1a,1,1
1050,0.1,0.1474721119415211,19,S32-14-3,16,2,0.0,43.0,210.0,14.0,0.0153938040025899,1,1a,1,1
1051,0.1,0.1734552935693129,19,S32-14-3,24,2,0.0,43.0,247.0,14.0,0.0153938040025899,1,1a,1,1
1052,0.15,0.1973317307407973,19,S32-14-3,28,2,0.0,43.0,281.0,14.0,0.0153938040025899,1,1a,1,1
1053,0.11,0.15870808237516082,19,S32-14-3,21,2,0.0,43.0,226.0,14.0,0.0153938040025899,1,1a,1,1
1054,0.12,0.17205079726510797,19,S32-14-3,27,2,0.0,43.0,245.0,14.0,0.0153938040025899,1,1a,1,1
1055,0.14,0.17161852746148012,19,S32-20-1,27,2,0.0,40.0,218.0,20.0,0.0314159265358979,2,1a,1,1
1056,0.16,0.18578886459132707,19,S32-20-1,28,2,0.0,40.0,236.0,20.0,0.0314159265358979,2,1a,1,1
1057,0.09,0.09339163710723711,19,S32-20-1,25,2,0.0,40.0,161.0,20.0,0.0314159265358979,1,1a,1,1
1058,0.11,0.10615322727095898,19,S32-20-1,26,2,0.0,40.0,183.0,20.0,0.0314159265358979,1,1a,1,1
1059,0.11,0.1582354312832913,19,S32-20-2,31,2,0.0,40.0,201.0,20.0,0.0314159265358979,2,1a,1,1
1060,0.08,0.09397170938740629,19,S32-20-2,30,2,0.0,40.0,162.0,20.0,0.0314159265358979,1,1a,1,1
1061,0.12,0.1700440455581638,19,S32-20-2,32,2,0.0,40.0,216.0,20.0,0.0314159265358979,2,1a,1,1
1062,0.14,0.18578886459132707,19,S32-20-2,33,2,0.0,40.0,236.0,20.0,0.0314159265358979,2,1a,1,1
1063,0.14,0.1810654188813781,19,S32-20-3,35,2,0.0,40.0,230.0,20.0,0.0314159265358979,2,1a,1,1
1064,0.09,0.09687207078825216,19,S32-20-3,32,2,0.0,40.0,167.0,20.0,0.0314159265358979,1,1a,1,1
1065,0.12,0.16610784079987295,19,S32-20-3,34,2,0.0,40.0,211.00000000000003,20.0,0.0314159265358979,2,1a,1,1
1066,0.11,0.11253402235281988,19,S32-20-3,33,2,0.0,40.0,194.0,20.0,0.0314159265358979,1,1a,1,1
1067,0.09,0.09397170938740629,19,S32-20-3,30,2,0.0,40.0,162.0,20.0,0.0314159265358979,1,1a,1,1
1097,0.054,0.09450857925331332,21,B3-a,1,2,0.0,25.0,178.90117961623108,16.0,0.0213517093624509,1,2,1,1
1098,0.063,0.10390875974995557,21,B3-a,2,2,0.0,25.0,196.74238877287843,16.0,0.0213517093624509,1,2,1,1
1099,0.07,0.15377602424875556,21,B3-a,3,2,0.0,25.0,214.59243406138305,16.0,0.0213517093624509,2,2,1,1
1100,0.088,0.16653264683277938,21,B3-a,4,2,0.0,25.0,232.4515983134557,16.0,0.0213517093624509,2,2,1,1
1101,0.094,0.17928892491416995,21,B3-a,5,2,0.0,25.0,250.32017825099103,16.0,0.0213517093624509,2,2,1,1
1102,0.109,0.1920448867231718,21,B3-a,6,2,0.0,25.0,268.1984854301332,16.0,0.0213517093624509,2,2,1,1
1103,0.115,0.2048005628253551,21,B3-a,7,2,0.0,25.0,286.08684726028974,16.0,0.0213517093624509,2,2,1,1
1104,0.12,0.21755598632499745,21,B3-a,8,2,0.0,25.0,303.98560812728255,16.0,0.0213517093624509,2,2,1,1
1105,0.125,0.2303111930822382,21,B3-a,9,2,0.0,25.0,321.8951306073301,16.0,0.0213517093624509,2,2,1,1
1106,0.05,0.08511323105173758,21,B3-b,2,2,0.0,25.0,161.05426311128662,16.0,0.0213517093624509,1,2,1,1
1107,0.062,0.09451430046140355,21,B3-b,3,2,0.0,25.0,178.8850176480575,16.0,0.0213517093624509,1,2,1,1
1108,0.069,0.10391506505943796,21,B3-b,4,2,0.0,25.0,196.72426905263436,16.0,0.0213517093624509,1,2,1,1
1109,0.069,0.1537853771995297,21,B3-b,5,2,0.0,25.0,214.57228476494464,16.0,0.0213517093624509,2,2,1,1
1110,0.081,0.16654279835694216,21,B3-b,6,2,0.0,25.0,232.42934511427345,16.0,0.0213517093624509,2,2,1,1
1111,0.086,0.17929987761271085,21,B3-b,7,2,0.0,25.0,250.29574417627157,16.0,0.0213517093624509,2,2,1,1
1112,0.085,0.1920566429469835,21,B3-b,8,2,0.0,25.0,268.1717907036168,16.0,0.0213517093624509,2,2,1,1
1113,0.098,0.20481312465571175,21,B3-b,9,2,0.0,25.0,286.0578091414208,16.0,0.0213517093624509,2,2,1,1
1114,0.112,0.2175693555415152,21,B3-b,10,2,0.0,25.0,303.9541407193404,16.0,0.0213517093624509,2,2,1,1
1115,0.108,0.23032537113792956,21,B3-b,11,2,0.0,25.0,321.86114466660456,16.0,0.0213517093624509,2,2,1,1
1143,0.063,0.21035745178393583,23,BSTN3-16,3,1,0.0,50.0,258.5445369133508,16.0,0.0218545575901898,2,2,1,1
1144,0.117,0.2734823563873043,23,BSTN3-16,4,1,0.0,50.0,336.1296145512977,16.0,0.0218545575901898,2,2,1,1
1150,0.24,0.13251752706730663,23,LTN12B,1,2,0.0,44.0,176.8388256576615,12.0,0.0113097335529232,1,1a,1,4
1151,0.15,0.13251752706730663,23,LTN12B,2,2,0.0,44.0,176.8388256576615,12.0,0.0113097335529232,1,1a,1,51
1155,0.075,0.11840029585565914,23,STN12,1,2,0.0,44.0,158.0,12.0,0.0113097335529232,1,1a,1,1
1156,0.063,0.11540282001121205,23,STN12,2,2,0.0,44.0,153.99999999999997,12.0,0.0113097335529232,1,1a,1,1
1157,0.092,0.12964083027233564,23,STN12,3,2,0.0,44.0,173.0,12.0,0.0113097335529232,1,1a,1,1
1158,0.125,0.15886621975569454,23,STN12,4,2,0.0,44.0,212.0,12.0,0.0113097335529232,1,1a,1,1
1159,0.15,0.34374624773284035,23,STN12,5,2,0.0,44.0,337.99999999999994,12.0,0.0113097335529232,2,1a,1,1
1160,0.131,0.16756088994293866,23,STN16,4,2,0.0,42.0,196.0,16.0,0.0201061929829746,2,1a,1,1
1161,0.16,0.2556158474129524,23,STN16,5,2,0.0,42.0,299.0,16.0,0.0201061929829746,2,1a,1,1
1162,0.195,0.19858277469461819,23,STS12,5,2,0.0,44.0,265.0,12.0,0.0113097335529232,1,1a,1,1
1163,0.167,0.21287072242750885,23,STS16,7,2,0.0,42.0,249.0,16.0,0.0201061929829746,2,1a,1,1
1164,0.144,0.11174564786642688,24,25-20-00,11,1,0.0,32.0,186.2324603821358,22.483870967741936,0.0210038707586994,2,2,1,1
1165,0.211,0.16435716777354126,24,25-20-00,12,1,0.0,32.0,273.91348406242673,22.483870967741936,0.0213705643150296,2,2,1,1
1166,0.148,0.11174564786642688,24,25-20-00,11,2,0.0,32.0,186.2324603821358,22.483870967741936,0.0210038707586994,2,2,1,1
1167,0.229,0.16435716777354126,24,25-20-00,12,2,0.0,32.0,273.91348406242673,22.483870967741936,0.0213705643150296,2,2,1,1
1168,0.132,0.12479160314899887,24,25-20-10,5,1,0.0,32.0,207.97451832082936,22.483870967741936,0.0210897310978935,2,2,1,1
1169,0.182,0.19115125701705396,24,25-20-10,6,1,0.0,32.0,318.56783310233305,22.483870967741936,0.0215813227149645,2,2,1,1
1170,0.164,0.12479160314899887,24,25-20-10,5,2,0.0,32.0,207.97451832082936,22.483870967741936,0.0210897310978935,2,2,1,1
1171,0.233,0.19115125701705396,24,25-20-10,6,2,0.0,32.0,318.56783310233305,22.483870967741936,0.0215813227149645,2,2,1,1
1172,0.157,0.12479160314899887,24,25-20-30,5,1,0.0,32.0,207.97451832082936,22.483870967741936,0.0210897310978935,2,2,1,1
1173,0.235,0.19115125701705396,24,25-20-30,6,1,0.0,32.0,318.56783310233305,22.483870967741936,0.0215813227149645,2,2,1,1
1174,0.184,0.12479160314899887,24,25-20-30,5,2,0.0,32.0,207.97451832082936,22.483870967741936,0.0210897310978935,2,2,1,1
1177,0.059,0.12408225775365436,25,S1-2,3,1,0.0,19.0,257.0042246505561,14.0,0.029782162209004,2,2,1,1
1178,0.088,0.14123345871554627,25,S1-2,4,1,0.0,19.0,292.70412435112644,14.0,0.029782162209004,2,2,1,1
1179,0.061,0.24658461962510125,25,S1-4,3,1,0.0,20.0,296.2285031211348,22.0,0.0250251949364295,2,2,1,1
1180,0.071,0.2727055853033359,25,S1-4,4,1,0.0,20.0,327.7819575092597,22.0,0.0250251949364295,2,2,1,1
1181,0.18,0.1123141202439615,27,16-20T,4,2,0.0,32.0,150.0,15.36842105263158,0.0169878713860781,1,1a,1,1
1182,0.209,0.1698938258890324,27,16-20T,5,2,0.0,32.0,226.9,15.36842105263158,0.0169878713860781,1,1a,1,1
1183,0.235,0.2923536549950318,27,16-20T,6,2,0.0,32.0,287.7,15.36842105263158,0.0169878713860781,2,1a,1,1
1184,0.148,0.204028963089252,27,25-20T,6,2,0.0,32.0,251.3,23.607142857142858,0.0309696542861616,2,1a,1,1
1185,0.15,0.26045559633518517,27,25-20T,7,2,0.0,32.0,320.8,23.607142857142858,0.0309696542861616,2,1a,1,1
1186,0.13,0.22044322697048493,28,S-20-40,2,2,0.0,40.0,265.3908676057355,20.0,0.0167551608191455,1,1a,1,1
1187,0.13,0.26704366925360096,28,S-20-40,3,2,0.0,40.0,321.4929850456286,20.0,0.0167551608191455,1,1a,1,1
1188,0.05,0.10370474132300958,28,S-32-40,2,2,0.0,40.0,157.28984610253718,32.0,0.0402123859659493,1,1a,1,1
1200,0.089,0.11341766386385298,29,350-20-1,4,1,0.0,30.0,160.62962605538334,20.0,0.0224399475256413,2,2,1,1
1201,0.118,0.1374230228047372,29,350-20-1,5,1,0.0,30.0,194.6276092498548,20.0,0.0224399475256413,2,2,1,1
1202,0.15,0.16164216733971418,29,350-20-1,6,1,0.0,30.0,228.92836979721167,20.0,0.0224399475256413,2,2,1,1
1203,0.183,0.18582568984814116,29,350-20-1,7,1,0.0,30.0,263.17868006540454,20.0,0.0224399475256413,2,2,1,1
1204,0.214,0.21002673254441362,29,350-20-1,8,1,0.0,30.0,297.45380358689647,20.0,0.0224399475256413,2,2,1,1
1205,0.054,0.11321306657333788,29,350-20-2,4,1,0.0,30.0,160.33986178809218,20.0,0.0224399475256413,2,2,1,1
1206,0.076,0.13735703367068317,29,350-20-2,5,1,0.0,30.0,194.53415105678584,20.0,0.0224399475256413,2,2,1,1
1207,0.096,0.1615668942004104,29,350-20-2,6,1,0.0,30.0,228.8217629794862,20.0,0.0224399475256413,2,2,1,1
1208,0.116,0.1854443525152346,29,350-20-2,7,1,0.0,30.0,262.6386048152277,20.0,0.0224399475256413,2,2,1,1
1209,0.134,0.20955864917907252,29,350-20-2,8,1,0.0,30.0,296.790872845987,20.0,0.0224399475256413,2,2,1,1
