,ID,EPID,ELID,LOADID,DOI,title,year,journal,country,institution,laboratory,authors,Ltot,Lspan,Lcons,Lmeas,h,b,hc,thc,RH,Temp,pd,fcm,catfcm,tfcm,fctm,catfctm,tfctm,Ecm,catEcm,tEcm,mix,Es,fsr,fy,phi,zs,nbl,clat,phit,st,phiw,sw,type,method,fpk,fp01k,Ep,rel,fpr,npl,phip,Ap,zp,cplat,catf,epsin,catcal,selfw,typew,locw,epsc,Nrep,N,M,sigs,t0,t,PL,catp,t0p,tp,ncr,wm,wk,wmax,sm,smax,indLR,indNP,indtfcm,indtfctm,indtEcm,Ac,Astot,ts,sc,class_C,fcm28,Bcc,fck28,fcm_cube_150,fctm28,fctmfl28,fctmfl,fct095_28,fct095,fct095fl_28,fct095fl,Ecm28,phi_bc,phi_bc_prestress,phi_bc_prior_load,phi_dc,phi_dc_prestress,phi_dc_prior_load,phi_creep,phi_creep_prestress,phi_creep_prior_load,Ecm0,eps_cbs,eps_cbs_prestress,eps_cds,eps_cds_prestress,shrinkage,shrinkage_prestress,shrinkage_init,bondLR,bondPR,ae,ap,sxLR,ry,cy,ry0,rx,ryp,zstot,zstensinit,Astensinit,rhotot,rhotensinit,At,Aw,Aptot,zptot,zeta1,zeta,phi_peq,cog,Izz,Wb,Wt,rho,qself,Mself,ep,Mp,pre_loss,initstrain,fctmorg,W_Ib,Ncr095,Mcr095,CS,Ncr,Mcr,tau_bms,tau_max,xcinit,epsinit,dpsigs,xc,eps,epsbot,sigssimpl,zstottens,Astens,Actens,Aceff_MC2020,Aseff_MC2020,Apeff_MC2020,phi_eq_MC2020,rhoeff_MC2020,hceff_MC2020,Aceff_FPR,Aseff_FPR,Apeff_FPR,phi_eq_FPR,rhoeff_FPR,hceff_FPR,sigssr,r,p,k1,srtemp,srlower
2,6216,23,BSTS2-16,3,https://doi.org/10.26190/unsworks/23066,Tension Stiffening in Reinforced Concrete - Instantaneous and time-dependent behaviour,2010,0,Australia,University of New South Wales,heavy Structure Laboratory,Mark Han Qing Wu,2650.0,2400.0,800.0,800.0,400.0,200,"[4,6]","[14,46]",65.0,"[0,0]",2,38.736842105263165,"[1,100x200,0]",[60],2.3114048661966415,"[3,600x100x100,3]",[60],30369.911385560044,"[1,100x200,1]",[60],"[0,0,0,0,00.6,20,0,0,0]",204000.0,2,500.0,[16],[342],[2],[50],[0],[0],0.0,0.0,0,0,0.0,0.0,0.0,0,0,[0],[0],[0],[0],[0],2,2,0,2,3,1,220.0,1,0.0,41.38666666666666,210.0869265492431,60,1,0.0,0,0,0,0,0.103,0.0,0.125,0.0,0.0,0,-1,0,0,0,80000.0,402.1238596594935,14,0.5,CN,33.06106034051696,1.0,25.06106034051696,46.670894102726706,2.8338421876135467,3.5463381655302575,2.8925475556874383,3.6839948438976107,3.004826326055634,4.610239615189335,3.004826326055634,30369.911385560044,0.0,1.910283405002231,1.910283405002231,0.0,1.608511082129019,1.608511082129019,0.0,3.5187944871312498,3.5187944871312498,30369.911385560044,-4.147296487165753e-05,-4.147296487165753e-05,-0.0001286142810733896,-0.0001286142810733896,-0.00017008724594504712,-0.00017008724594504712,-0.00021999999999999998,1,0,6.717174686818339,0.0,84.0,58.0,50.0,342.0,58.0,0.0,342.0,342.0,402.1238596594935,0.005879003796191426,0.005879003796191426,0.0,0.0,0.0,0.0,0.0,0.0,0.0,203.96675178198242,1067925476.2426562,5447675.258918157,5235782.140533123,25.0,2.0,1.3866666666666665,0.0,0.0,0.0,-0.00020279753553494699,2.8338421876135467,5671124.551655559,0.0,17.040744351155077,2,0.0,16.403997459890306,5.100915937704384,15.559732104309983,83.55249357527747,0.0005191843511358507,0.0,104.7282071369833,0.00045455497686594905,0.0012815770139028657,327.6156894611499,342.0,402.1238596594935,20945.641427396662,27600.0,402.1238596594935,0.0,16.0,0.014569705060126576,138.0,27600.0,402.1238596594935,0.0,16.0,0.014569705060126576,138.0,171.85929405443378,0.0,0.0,0.0,1000.0,124.40478580701489
3,6217,23,BSTS2-16,4,https://doi.org/10.26190/unsworks/23066,Tension Stiffening in Reinforced Concrete - Instantaneous and time-dependent behaviour,2010,0,Australia,University of New South Wales,heavy Structure Laboratory,Mark Han Qing Wu,2650.0,2400.0,800.0,800.0,400.0,200,"[4,6]","[14,46]",65.0,"[0,0]",2,38.736842105263165,"[1,100x200,0]",[60],2.3114048661966415,"[3,600x100x100,3]",[60],30369.911385560044,"[1,100x200,1]",[60],"[0,0,0,0,00.6,20,0,0,0]",204000.0,2,500.0,[16],[342],[2],[50],[0],[0],0.0,0.0,0,0,0.0,0.0,0.0,0,0,[0],[0],[0],[0],[0],2,2,0,2,3,1,220.0,1,0.0,49.38666666666666,274.8320748022808,60,1,0.0,0,0,0,9,0.102,0.0,0.15,110.0,122.0,0,-1,0,0,0,80000.0,402.1238596594935,14,0.5,CN,33.06106034051696,1.0,25.06106034051696,46.670894102726706,2.8338421876135467,3.5463381655302575,2.8925475556874383,3.6839948438976107,3.004826326055634,4.610239615189335,3.004826326055634,30369.911385560044,0.0,1.910283405002231,1.910283405002231,0.0,1.608511082129019,1.608511082129019,0.0,3.5187944871312498,3.5187944871312498,30369.911385560044,-4.147296487165753e-05,-4.147296487165753e-05,-0.0001286142810733896,-0.0001286142810733896,-0.00017008724594504712,-0.00017008724594504712,-0.00021999999999999998,1,0,6.717174686818339,0.0,84.0,58.0,50.0,342.0,58.0,0.0,342.0,342.0,402.1238596594935,0.005879003796191426,0.005879003796191426,0.0,0.0,0.0,0.0,0.0,0.0,0.0,203.96675178198242,1067925476.2426562,5447675.258918157,5235782.140533123,25.0,2.0,1.3866666666666665,0.0,0.0,0.0,-0.00020279753553494699,2.8338421876135467,5671124.551655559,0.0,17.040744351155077,2,0.0,16.403997459890306,5.100915937704384,15.559732104309983,83.55249357527747,0.0006195421509688114,0.0,101.45604430241322,0.0005682255085432098,0.0016720570195217805,390.9434644858567,342.0,402.1238596594935,20291.208860482642,27600.0,402.1238596594935,0.0,16.0,0.014569705060126576,138.0,27600.0,402.1238596594935,0.0,16.0,0.014569705060126576,138.0,171.85929405443378,0.0,0.0,0.0,1000.0,124.40478580701489
6,6220,23,BSTS3-16,3,https://doi.org/10.26190/unsworks/23066,Tension Stiffening in Reinforced Concrete - Instantaneous and time-dependent behaviour,2010,0,Australia,University of New South Wales,heavy Structure Laboratory,Mark Han Qing Wu,2650.0,2400.0,800.0,800.0,400.0,200,"[4,6]","[14,46]",65.0,"[0,0]",2,38.736842105263165,"[1,100x200,0]",[60],2.0796716418825514,"[3,600x100x100,3]",[60],30369.911385560044,"[1,100x200,1]",[60],"[0,0,0,0,00.6,20,0,0,0]",204000.0,2,500.0,[16],[342],[3],[50],[0],[0],0.0,0.0,0,0,0.0,0.0,0.0,0,0,[0],[0],[0],[0],[0],2,2,0,2,3,1,220.0,1,0.0,49.38666666666666,179.49356519088425,60,1,0.0,0,0,0,0,0.085,0.0,0.125,0.0,0.0,0,-1,0,0,0,80000.0,603.1857894892403,14,0.5,CN,33.06106034051696,1.0,25.06106034051696,46.670894102726706,2.8338421876135467,3.5463381655302575,2.6025510339338735,3.6839948438976107,2.703573134447317,4.610239615189335,2.703573134447317,30369.911385560044,0.0,1.910283405002231,1.910283405002231,0.0,1.608511082129019,1.608511082129019,0.0,3.5187944871312498,3.5187944871312498,30369.911385560044,-4.147296487165753e-05,-4.147296487165753e-05,-0.0001286142810733896,-0.0001286142810733896,-0.00017008724594504712,-0.00017008724594504712,-0.00021999999999999998,1,0,6.717174686818339,0.0,42.0,58.0,50.0,342.0,58.0,0.0,342.0,342.0,603.1857894892403,0.008818505694287139,0.008818505694287139,0.0,0.0,0.0,0.0,0.0,0.0,0.0,205.86816446227755,1069421494.9991736,5508738.389234313,5194690.9702744745,25.0,2.0,1.3866666666666665,0.0,0.0,0.0,-0.00019516717990525383,2.8338421876135467,5837934.884914422,0.0,15.78328391550742,2,0.0,15.193523470772659,5.100915937704384,15.559732104309983,99.18701604614134,0.0005306895186717977,0.0,118.92187158763734,0.0004690546651101972,0.001108635490109184,265.02555865220853,342.0,603.1857894892403,23784.374317527465,27600.0,603.1857894892403,0.0,16.0,0.021854557590189866,138.0,27600.0,603.1857894892403,0.0,16.0,0.021854557590189866,138.0,107.04947733928807,0.0,0.0,0.0,1000.0,74.62160320505016
7,6221,23,BSTS3-16,4,https://doi.org/10.26190/unsworks/23066,Tension Stiffening in Reinforced Concrete - Instantaneous and time-dependent behaviour,2010,0,Australia,University of New South Wales,heavy Structure Laboratory,Mark Han Qing Wu,2650.0,2400.0,800.0,800.0,400.0,200,"[4,6]","[14,46]",65.0,"[0,0]",2,38.736842105263165,"[1,100x200,0]",[60],2.0796716418825514,"[3,600x100x100,3]",[60],30369.911385560044,"[1,100x200,1]",[60],"[0,0,0,0,00.6,20,0,0,0]",204000.0,2,500.0,[16],[342],[3],[50],[0],[0],0.0,0.0,0,0,0.0,0.0,0.0,0,0,[0],[0],[0],[0],[0],2,2,0,2,3,1,220.0,1,0.0,61.38666666666666,269.2450310447602,60,1,0.0,0,0,0,5,0.14,0.0,0.175,133.3,162.0,0,-1,0,0,0,80000.0,603.1857894892403,14,0.5,CN,33.06106034051696,1.0,25.06106034051696,46.670894102726706,2.8338421876135467,3.5463381655302575,2.6025510339338735,3.6839948438976107,2.703573134447317,4.610239615189335,2.703573134447317,30369.911385560044,0.0,1.910283405002231,1.910283405002231,0.0,1.608511082129019,1.608511082129019,0.0,3.5187944871312498,3.5187944871312498,30369.911385560044,-4.147296487165753e-05,-4.147296487165753e-05,-0.0001286142810733896,-0.0001286142810733896,-0.00017008724594504712,-0.00017008724594504712,-0.00021999999999999998,1,0,6.717174686818339,0.0,42.0,58.0,50.0,342.0,58.0,0.0,342.0,342.0,603.1857894892403,0.008818505694287139,0.008818505694287139,0.0,0.0,0.0,0.0,0.0,0.0,0.0,205.86816446227755,1069421494.9991736,5508738.389234313,5194690.9702744745,25.0,2.0,1.3866666666666665,0.0,0.0,0.0,-0.00019516717990525383,2.8338421876135467,5837934.884914422,0.0,15.78328391550742,2,0.0,15.193523470772659,5.100915937704384,15.559732104309983,99.18701604614134,0.0006596367559300639,0.0,111.97684130090045,0.0006425015493253315,0.0016526214131051685,329.4216177199698,342.0,603.1857894892403,22395.36826018009,27600.0,603.1857894892403,0.0,16.0,0.021854557590189866,138.0,27600.0,603.1857894892403,0.0,16.0,0.021854557590189866,138.0,107.04947733928807,0.0,0.0,0.0,1000.0,74.62160320505016
8,6236,23,SSTS4-12,1,https://doi.org/10.26190/unsworks/23066,Tension Stiffening in Reinforced Concrete - Instantaneous and time-dependent behaviour,2010,0,Australia,University of New South Wales,heavy Structure Laboratory,Mark Han Qing Wu,2650.0,2400.0,800.0,800.0,140.0,800,[4],"[14,45]",65.0,"[0,0]",2,31.57052631578948,"[1,100x200,0]",[59],1.4411481949433036,"[3,600x100x100,3]",[59],27548.92456318521,"[1,100x200,1]",[59],"[0,0,0,0,00.6,20,0,0,0]",200000.0,2,500.0,[12],[114],[4],[94],[0],[0],0.0,0.0,0,0,0.0,0.0,0.0,0,0,[0],[0],[0],[0],[0],2,2,0,2,3,1,320.0,1,0.0,13.941333333333333,169.10380779622687,59,1,0.0,0,0,0,0,0.096,0.0,0.125,0.0,0.0,0,-1,0,0,0,112000.0,452.3893421169302,14,0.5,CN,27.022543328628053,1.0,19.022543328628053,38.03677869372227,1.9720470001969823,3.0059418834289553,2.1967061226103644,2.563661100256077,1.8734926534262948,3.907724448457642,1.8734926534262948,27548.92456318521,0.0,2.1969318808018827,2.1969318808018827,0.0,2.211189687836003,2.211189687836003,0.0,4.408121568637886,4.408121568637886,27548.92456318521,-2.9518761022598767e-05,-2.9518761022598767e-05,-0.00015261929234284464,-0.00015261929234284464,-0.00018213805336544342,-0.00018213805336544342,-0.00031999999999999997,1,0,7.25981152336046,0.0,200.0,26.0,20.0,114.0,100.0,0.0,114.00000000000001,114.00000000000001,452.3893421169302,0.004960409453036514,0.004960409453036514,0.0,0.0,0.0,0.0,0.0,0.0,0.0,71.08508523419539,183065203.24946618,2656394.539144125,2575296.950778683,25.0,2.8,1.941333333333333,0.0,0.0,0.0,-0.0003007288736794052,1.9720470001969823,2732073.804448394,0.0,5.118520201252494,2,0.0,6.001563253655179,3.5496846003545683,14.046913877207485,26.763236510552133,0.0004498683425573064,0.0,34.82169503134157,0.0003718494116569988,0.0011231644750915857,293.27587629835597,114.00000000000001,452.3893421169302,27857.356025073248,41280.0,452.3893421169302,0.0,12.0,0.010959044140429511,86.0,33600.0,452.3893421169302,0.0,12.0,0.013463968515384828,70.0,140.52440854407135,0.0,0.0,0.0,1000.0,111.13924807856984
9,6237,23,SSTS4-12,2,https://doi.org/10.26190/unsworks/23066,Tension Stiffening in Reinforced Concrete - Instantaneous and time-dependent behaviour,2010,0,Australia,University of New South Wales,heavy Structure Laboratory,Mark Han Qing Wu,2650.0,2400.0,800.0,800.0,140.0,800,[4],"[14,45]",65.0,"[0,0]",2,31.57052631578948,"[1,100x200,0]",[59],1.4411481949433036,"[3,600x100x100,3]",[59],27548.92456318521,"[1,100x200,1]",[59],"[0,0,0,0,00.6,20,0,0,0]",200000.0,2,500.0,[12],[114],[4],[94],[0],[0],0.0,0.0,0,0,0.0,0.0,0.0,0,0,[0],[0],[0],[0],[0],2,2,0,2,3,1,320.0,1,0.0,17.941333333333333,278.9424665789999,59,1,0.0,0,0,0,0,0.133,0.0,0.175,0.0,0.0,0,-1,0,0,0,112000.0,452.3893421169302,14,0.5,CN,27.022543328628053,1.0,19.022543328628053,38.03677869372227,1.9720470001969823,3.0059418834289553,2.1967061226103644,2.563661100256077,1.8734926534262948,3.907724448457642,1.8734926534262948,27548.92456318521,0.0,2.1969318808018827,2.1969318808018827,0.0,2.211189687836003,2.211189687836003,0.0,4.408121568637886,4.408121568637886,27548.92456318521,-2.9518761022598767e-05,-2.9518761022598767e-05,-0.00015261929234284464,-0.00015261929234284464,-0.00018213805336544342,-0.00018213805336544342,-0.00031999999999999997,1,0,7.25981152336046,0.0,200.0,26.0,20.0,114.0,100.0,0.0,114.00000000000001,114.00000000000001,452.3893421169302,0.004960409453036514,0.004960409453036514,0.0,0.0,0.0,0.0,0.0,0.0,0.0,71.08508523419539,183065203.24946618,2656394.539144125,2575296.950778683,25.0,2.8,1.941333333333333,0.0,0.0,0.0,-0.0003007288736794052,1.9720470001969823,2732073.804448394,0.0,5.118520201252494,2,0.0,6.001563253655179,3.5496846003545683,14.046913877207485,26.763236510552133,0.0005789430391594409,0.0,31.962930459296484,0.0005434018250118951,0.0018367383689088526,377.42159444057745,114.00000000000001,452.3893421169302,25570.34436743719,41280.0,452.3893421169302,0.0,12.0,0.010959044140429511,86.0,33600.0,452.3893421169302,0.0,12.0,0.013463968515384828,70.0,140.52440854407135,0.0,0.0,0.0,1000.0,111.13924807856984
14,6242,23,STN12,4,https://doi.org/10.26190/unsworks/23066,Tension Stiffening in Reinforced Concrete - Instantaneous and time-dependent behaviour,2010,0,Australia,University of New South Wales,heavy Structure Laboratory,Mark Han Qing Wu,1100.0,1100.0,600.0,600.0,100.0,100,[3],[32],65.0,[0],2,20.879157894736842,"[1,100x200,0]",[32],1.9825308833820998,"[1,100x200,2]",[32],22162.558834093215,"[1,100x200,1]",[32],"[0,0,0,0,00.6,20,0,0,0]",200000.0,2,500.0,[12],[50],[1],[44],[0],[0],0.0,0.0,0,0,0.0,0.0,0.0,0,0,[0],[0],[0],[0],[0],2,1a,0,2,3,2,28.0,1,23.976635132197302,0.0,181.03209760140786,32,1,0.0,0,0,0,4,0.125,0.0,0.25,228.0,320.0,0,-1,0,0,0,10000.0,113.09733552923255,32,0.5,CN,20.215681292221202,1.0,12.215681292221202,25.15561192136969,2.000854044904731,3.3284446157506355,3.2979638175790553,2.6011102583761505,2.5772901483967297,4.326978000475826,2.5772901483967297,22162.558834093215,0.0,2.5575567156481287,2.5575567156481287,0.0,4.172764124512616,4.172764124512616,0.0,6.730320840160745,6.730320840160745,22162.558834093215,-1.5118960763565885e-05,-1.5118960763565885e-05,-0.0,-0.0,-1.5118960763565885e-05,-1.5118960763565885e-05,-2.8e-05,1,0,9.024228722738235,0.0,100.0,50.0,44.0,50.0,50.0,0.0,50.0,0.0,0.0,0.011309733552923255,0.011309733552923255,0.0,0.0,0.0,0.0,0.0,0.0,0.0,50.0,8333333.333333336,166666.66666666672,166666.66666666672,25.0,0.25,0.0,0.0,0.0,0.0,-2.5406927735731754e-05,2.04,166666.66666666672,28.111840974057646,0.0,1,21.624493056967417,0.0,3.672,11.423429294310237,0.0,0.0,0.0,0.0,0.0,0.0,212.0,50.0,113.09733552923255,0.0,10000.0,113.09733552923255,0.0,12.0,0.011309733552923255,100.0,10000.0,113.09733552923255,0.0,12.0,0.011309733552923255,100.0,191.2024978818187,0.0,0.0,0.0,1000.0,143.21422926770293
15,6243,23,STN12,5,https://doi.org/10.26190/unsworks/23066,Tension Stiffening in Reinforced Concrete - Instantaneous and time-dependent behaviour,2010,0,Australia,University of New South Wales,heavy Structure Laboratory,Mark Han Qing Wu,1100.0,1100.0,600.0,600.0,100.0,100,[3],[32],65.0,[0],2,20.879157894736842,"[1,100x200,0]",[32],1.9825308833820998,"[1,100x200,2]",[32],22162.558834093215,"[1,100x200,1]",[32],"[0,0,0,0,00.6,20,0,0,0]",200000.0,2,500.0,[12],[50],[1],[44],[0],[0],0.0,0.0,0,0,0.0,0.0,0.0,0,0,[0],[0],[0],[0],[0],2,1a,0,2,3,2,28.0,1,38.2268994088806,0.0,312.16388694143814,32,1,0.0,0,0,0,5,0.15,0.0,0.3,195.0,320.0,0,-1,0,0,0,10000.0,113.09733552923255,32,0.5,CN,20.215681292221202,1.0,12.215681292221202,25.15561192136969,2.000854044904731,3.3284446157506355,3.2979638175790553,2.6011102583761505,2.5772901483967297,4.326978000475826,2.5772901483967297,22162.558834093215,0.0,2.5575567156481287,2.5575567156481287,0.0,4.172764124512616,4.172764124512616,0.0,6.730320840160745,6.730320840160745,22162.558834093215,-1.5118960763565885e-05,-1.5118960763565885e-05,-0.0,-0.0,-1.5118960763565885e-05,-1.5118960763565885e-05,-2.8e-05,1,0,9.024228722738235,0.0,100.0,50.0,44.0,50.0,50.0,0.0,50.0,0.0,0.0,0.011309733552923255,0.011309733552923255,0.0,0.0,0.0,0.0,0.0,0.0,0.0,50.0,8333333.333333336,166666.66666666672,166666.66666666672,25.0,0.25,0.0,0.0,0.0,0.0,-2.5406927735731754e-05,2.04,166666.66666666672,28.111840974057646,0.0,2,21.624493056967417,0.0,3.672,11.423429294310237,0.0,0.0,0.0,0.0,0.0,0.0,337.99999999999994,50.0,113.09733552923255,0.0,10000.0,113.09733552923255,0.0,12.0,0.011309733552923255,100.0,10000.0,113.09733552923255,0.0,12.0,0.011309733552923255,100.0,191.2024978818187,0.0,0.0,0.0,1000.0,143.21422926770293
16,6244,23,STN12,6,https://doi.org/10.26190/unsworks/23066,Tension Stiffening in Reinforced Concrete - Instantaneous and time-dependent behaviour,2010,0,Australia,University of New South Wales,heavy Structure Laboratory,Mark Han Qing Wu,1100.0,1100.0,600.0,600.0,100.0,100,[3],[32],65.0,[0],2,20.879157894736842,"[1,100x200,0]",[32],1.9825308833820998,"[1,100x200,2]",[32],22162.558834093215,"[1,100x200,1]",[32],"[0,0,0,0,00.6,20,0,0,0]",200000.0,2,500.0,[12],[50],[1],[44],[0],[0],0.0,0.0,0,0,0.0,0.0,0.0,0,0,[0],[0],[0],[0],[0],2,1a,0,2,3,2,28.0,1,40.03645677734832,0.0,334.34266714226214,32,1,0.0,0,0,0,5,0.185,0.0,0.3,195.0,320.0,0,-1,0,0,0,10000.0,113.09733552923255,32,0.5,CN,20.215681292221202,1.0,12.215681292221202,25.15561192136969,2.000854044904731,3.3284446157506355,3.2979638175790553,2.6011102583761505,2.5772901483967297,4.326978000475826,2.5772901483967297,22162.558834093215,0.0,2.5575567156481287,2.5575567156481287,0.0,4.172764124512616,4.172764124512616,0.0,6.730320840160745,6.730320840160745,22162.558834093215,-1.5118960763565885e-05,-1.5118960763565885e-05,-0.0,-0.0,-1.5118960763565885e-05,-1.5118960763565885e-05,-2.8e-05,1,0,9.024228722738235,0.0,100.0,50.0,44.0,50.0,50.0,0.0,50.0,0.0,0.0,0.011309733552923255,0.011309733552923255,0.0,0.0,0.0,0.0,0.0,0.0,0.0,50.0,8333333.333333336,166666.66666666672,166666.66666666672,25.0,0.25,0.0,0.0,0.0,0.0,-2.5406927735731754e-05,2.04,166666.66666666672,28.111840974057646,0.0,2,21.624493056967417,0.0,3.672,11.423429294310237,0.0,0.0,0.0,0.0,0.0,0.0,354.0,50.0,113.09733552923255,0.0,10000.0,113.09733552923255,0.0,12.0,0.011309733552923255,100.0,10000.0,113.09733552923255,0.0,12.0,0.011309733552923255,100.0,191.2024978818187,0.0,0.0,0.0,1000.0,143.21422926770293
21,6249,23,STN16,4,https://doi.org/10.26190/unsworks/23066,Tension Stiffening in Reinforced Concrete - Instantaneous and time-dependent behaviour,2010,0,Australia,University of New South Wales,heavy Structure Laboratory,Mark Han Qing Wu,1100.0,1100.0,600.0,600.0,100.0,100,[3],[32],65.0,[0],2,20.879157894736842,"[1,100x200,0]",[32],1.943088926807074,"[1,100x200,2]",[32],22162.558834093215,"[1,100x200,1]",[32],"[0,0,0,0,00.6,20,0,0,0]",204000.0,2,500.0,[16],[50],[1],[42],[0],[0],0.0,0.0,0,0,0.0,0.0,0.0,0,0,[0],[0],[0],[0],[0],2,1a,0,2,3,2,28.0,1,39.408138246630365,0.0,179.34759864511548,32,1,0.0,0,0,0,4,0.131,0.0,0.25,182.0,240.0,0,-1,0,0,0,10000.0,201.06192982974676,32,0.5,CN,20.215681292221202,1.0,12.215681292221202,25.15561192136969,2.000854044904731,3.3284446157506355,3.2323516514487336,2.6011102583761505,2.526015604849196,4.326978000475826,2.526015604849196,22162.558834093215,0.0,2.5575567156481287,2.5575567156481287,0.0,4.172764124512616,4.172764124512616,0.0,6.730320840160745,6.730320840160745,22162.558834093215,-1.5118960763565885e-05,-1.5118960763565885e-05,-0.0,-0.0,-1.5118960763565885e-05,-1.5118960763565885e-05,-2.8e-05,1,0,9.204713297192999,0.0,100.0,50.0,42.0,50.0,50.0,0.0,50.0,0.0,0.0,0.020106192982974676,0.020106192982974676,0.0,0.0,0.0,0.0,0.0,0.0,0.0,50.0,8333333.333333336,166666.66666666672,166666.66666666672,25.0,0.25,0.0,0.0,0.0,0.0,-2.3627261548705046e-05,2.04,166666.66666666672,29.427211556920682,0.0,2,22.63631658224668,0.0,3.672,11.423429294310237,0.0,0.0,0.0,0.0,0.0,0.0,196.0,50.0,201.06192982974676,0.0,10000.0,201.06192982974676,0.0,16.0,0.020106192982974676,100.0,10000.0,201.06192982974676,0.0,16.0,0.020106192982974676,100.0,112.58380242054992,0.0,0.0,0.0,1000.0,105.27376346965953
22,6250,23,STN16,5,https://doi.org/10.26190/unsworks/23066,Tension Stiffening in Reinforced Concrete - Instantaneous and time-dependent behaviour,2010,0,Australia,University of New South Wales,heavy Structure Laboratory,Mark Han Qing Wu,1100.0,1100.0,600.0,600.0,100.0,100,[3],[32],65.0,[0],2,20.879157894736842,"[1,100x200,0]",[32],1.943088926807074,"[1,100x200,2]",[32],22162.558834093215,"[1,100x200,1]",[32],"[0,0,0,0,00.6,20,0,0,0]",204000.0,2,500.0,[16],[50],[1],[42],[0],[0],0.0,0.0,0,0,0.0,0.0,0.0,0,0,[0],[0],[0],[0],[0],2,1a,0,2,3,2,28.0,1,60.11751701909428,0.0,285.4527200840362,32,1,0.0,0,0,0,5,0.16,0.0,0.325,165.0,240.0,0,-1,0,0,0,10000.0,201.06192982974676,32,0.5,CN,20.215681292221202,1.0,12.215681292221202,25.15561192136969,2.000854044904731,3.3284446157506355,3.2323516514487336,2.6011102583761505,2.526015604849196,4.326978000475826,2.526015604849196,22162.558834093215,0.0,2.5575567156481287,2.5575567156481287,0.0,4.172764124512616,4.172764124512616,0.0,6.730320840160745,6.730320840160745,22162.558834093215,-1.5118960763565885e-05,-1.5118960763565885e-05,-0.0,-0.0,-1.5118960763565885e-05,-1.5118960763565885e-05,-2.8e-05,1,0,9.204713297192999,0.0,100.0,50.0,42.0,50.0,50.0,0.0,50.0,0.0,0.0,0.020106192982974676,0.020106192982974676,0.0,0.0,0.0,0.0,0.0,0.0,0.0,50.0,8333333.333333336,166666.66666666672,166666.66666666672,25.0,0.25,0.0,0.0,0.0,0.0,-2.3627261548705046e-05,2.04,166666.66666666672,29.427211556920682,0.0,2,22.63631658224668,0.0,3.672,11.423429294310237,0.0,0.0,0.0,0.0,0.0,0.0,299.0,50.0,201.06192982974676,0.0,10000.0,201.06192982974676,0.0,16.0,0.020106192982974676,100.0,10000.0,201.06192982974676,0.0,16.0,0.020106192982974676,100.0,112.58380242054992,0.0,0.0,0.0,1000.0,105.27376346965953
30,6258,23,STS12,5,https://doi.org/10.26190/unsworks/23066,Tension Stiffening in Reinforced Concrete - Instantaneous and time-dependent behaviour,2010,0,Australia,University of New South Wales,heavy Structure Laboratory,Mark Han Qing Wu,1100.0,1100.0,600.0,600.0,100.0,100,"[3,6]","[32,25]",65.0,"[0,0]",2,23.94905263157895,"[1,100x200,0]",[57],1.642598517781118,"[1,100x200,2]",[57],20559.80509976145,"[1,100x200,1]",[57],"[0,0,0,0,00.6,20,0,0,0]",200000.0,2,500.0,[12],[50],[1],[44],[0],[0],0.0,0.0,0,0,0.0,0.0,0.0,0,0,[0],[0],[0],[0],[0],2,1a,0,2,3,2,249.0,1,29.970793915246627,0.0,244.86021744937844,57,1,0.0,0,0,0,5,0.195,0.0,0.35,178.0,245.0,0,-1,0,0,0,10000.0,113.09733552923255,32,0.5,CN,20.6221778018214,1.0,12.622177801821401,28.854280279010787,1.9654688853492603,3.269580979944811,2.732482264896467,2.5551095509540387,2.1353780731154535,4.250455273928255,2.1353780731154535,20559.80509976145,0.0,2.6470867434110126,2.6470867434110126,0.0,4.36505945907674,4.36505945907674,0.0,7.012146202487752,7.012146202487752,20559.80509976145,-1.8046027243315293e-05,-1.8046027243315293e-05,-0.00026890652918011056,-0.00026890652918011056,-0.0002869525564234258,-0.0002869525564234258,-0.000249,1,0,9.72771867386625,0.0,100.0,50.0,44.0,50.0,50.0,0.0,50.0,0.0,0.0,0.011309733552923255,0.011309733552923255,0.0,0.0,0.0,0.0,0.0,0.0,0.0,50.00000000000001,8333333.333333336,166666.66666666674,166666.6666666667,25.0,0.25,0.0,0.0,0.0,0.0,-0.00022432070563135981,2.15,166666.66666666674,23.46157340792487,0.0,2,18.04736415994221,0.0,3.87,12.23444232269573,0.0,0.0,0.0,0.0,0.0,0.0,265.0,50.0,113.09733552923255,0.0,10000.0,113.09733552923255,0.0,12.0,0.011309733552923255,100.0,10000.0,113.09733552923255,0.0,12.0,0.011309733552923255,100.0,159.57373421301745,0.0,0.0,0.0,1000.0,112.58728407419703
31,6259,23,STS12,6,https://doi.org/10.26190/unsworks/23066,Tension Stiffening in Reinforced Concrete - Instantaneous and time-dependent behaviour,2010,0,Australia,University of New South Wales,heavy Structure Laboratory,Mark Han Qing Wu,1100.0,1100.0,600.0,600.0,100.0,100,"[3,6]","[32,25]",65.0,"[0,0]",2,23.94905263157895,"[1,100x200,0]",[57],1.642598517781118,"[1,100x200,2]",[57],20559.80509976145,"[1,100x200,1]",[57],"[0,0,0,0,00.6,20,0,0,0]",200000.0,2,500.0,[12],[50],[1],[44],[0],[0],0.0,0.0,0,0,0.0,0.0,0.0,0,0,[0],[0],[0],[0],[0],2,1a,0,2,3,2,249.0,1,40.03645677734832,0.0,348.57850273016265,57,1,0.0,0,0,0,5,0.34,0.0,0.5,178.0,245.0,0,-1,0,0,0,10000.0,113.09733552923255,32,0.5,CN,20.6221778018214,1.0,12.622177801821401,28.854280279010787,1.9654688853492603,3.269580979944811,2.732482264896467,2.5551095509540387,2.1353780731154535,4.250455273928255,2.1353780731154535,20559.80509976145,0.0,2.6470867434110126,2.6470867434110126,0.0,4.36505945907674,4.36505945907674,0.0,7.012146202487752,7.012146202487752,20559.80509976145,-1.8046027243315293e-05,-1.8046027243315293e-05,-0.00026890652918011056,-0.00026890652918011056,-0.0002869525564234258,-0.0002869525564234258,-0.000249,1,0,9.72771867386625,0.0,100.0,50.0,44.0,50.0,50.0,0.0,50.0,0.0,0.0,0.011309733552923255,0.011309733552923255,0.0,0.0,0.0,0.0,0.0,0.0,0.0,50.00000000000001,8333333.333333336,166666.66666666674,166666.6666666667,25.0,0.25,0.0,0.0,0.0,0.0,-0.00022432070563135981,2.15,166666.66666666674,23.46157340792487,0.0,2,18.04736415994221,0.0,3.87,12.23444232269573,0.0,0.0,0.0,0.0,0.0,0.0,354.0,50.0,113.09733552923255,0.0,10000.0,113.09733552923255,0.0,12.0,0.011309733552923255,100.0,10000.0,113.09733552923255,0.0,12.0,0.011309733552923255,100.0,159.57373421301745,0.0,0.0,0.0,1000.0,112.58728407419703
39,6267,23,STS16,7,https://doi.org/10.26190/unsworks/23066,Tension Stiffening in Reinforced Concrete - Instantaneous and time-dependent behaviour,2010,0,Australia,University of New South Wales,heavy Structure Laboratory,Mark Han Qing Wu,1100.0,1100.0,600.0,600.0,100.0,100,"[3,6]","[32,25]",65.0,"[0,0]",2,23.94905263157895,"[1,100x200,0]",[57],1.2985494674416935,"[1,100x200,2]",[57],20559.80509976145,"[1,100x200,1]",[57],"[0,0,0,0,00.6,20,0,0,0]",204000.0,2,500.0,[16],[50],[1],[42],[0],[0],0.0,0.0,0,0,0.0,0.0,0.0,0,0,[0],[0],[0],[0],[0],2,1a,0,2,3,2,249.0,1,50.06442052760694,0.0,235.89412787326754,57,1,0.0,0,0,0,6,0.167,0.0,0.325,125.0,145.0,0,-1,0,0,0,10000.0,201.06192982974676,32,0.5,CN,20.6221778018214,1.0,12.622177801821401,28.854280279010787,1.9654688853492603,3.269580979944811,2.160152557953299,2.5551095509540387,1.6881143076742016,4.250455273928255,1.6881143076742016,20559.80509976145,0.0,2.6470867434110126,2.6470867434110126,0.0,4.36505945907674,4.36505945907674,0.0,7.012146202487752,7.012146202487752,20559.80509976145,-1.8046027243315293e-05,-1.8046027243315293e-05,-0.00026890652918011056,-0.00026890652918011056,-0.0002869525564234258,-0.0002869525564234258,-0.000249,1,0,9.922273047343575,0.0,100.0,50.0,42.0,50.0,50.0,0.0,50.0,0.0,0.0,0.020106192982974676,0.020106192982974676,0.0,0.0,0.0,0.0,0.0,0.0,0.0,50.00000000000001,8333333.333333336,166666.66666666674,166666.6666666667,25.0,0.25,0.0,0.0,0.0,0.0,-0.00020758664377279598,2.15,166666.66666666674,19.9095010269189,0.0,2,15.315000789937615,0.0,3.87,12.23444232269573,0.0,0.0,0.0,0.0,0.0,0.0,249.0,50.0,201.06192982974676,0.0,10000.0,201.06192982974676,0.0,16.0,0.020106192982974676,100.0,10000.0,201.06192982974676,0.0,16.0,0.020106192982974676,100.0,76.17056497421417,0.0,0.0,0.0,1000.0,66.75405897696825
45,6273,24,12-20-00,4,10.1002/suco.201200016,"Cracking of RC members revisited: influence of cover, ⌀/ρs,ef and stirrup spacing - an experimental and theoretical study",2013,Structural Concrete,Spain,Polytechnic University of Madrid,Structures Laboratory,"Alejandro Pérez Caldentey, Hugo Corres Peiretti, Joan Peset Iribarren, Alejandro Giraldo Soto",5220.0,3420.0,3420.0,3420.0,450.0,350,"[3,0]","[3,33]",65.0,[0],2,22.326999999999998,"2,150x150x150,1]","[7,28]",1.5637532887595522,"[0,0,0]",[0],28100.577852505627,"[0,0,0]",[0],"[1,3,0,0,0.55,0,0,Plastifier MPOZZOLITH 472N,0]",200000.0,2,500.0,[12],[412],[4],[32],[0],[0],0.0,0.0,0,0,0.0,0.0,0.0,0,0,[0],[0],[0],[0],[0],1,2,1,2,2,1,124.0,1,0.0,48.66211875,153.85254211894508,28,1,0.0,0,0,0,15,0.162,0.0,0.344,0.0,0.0,0,-1,1,-1,-1,157500.0,452.3893421169302,3,0.3,CR,22.326999999999998,1.0,14.326999999999998,26.9,1.769666495625081,2.1793905094750547,1.925803017183297,2.3005664443126053,2.032879275387418,2.8332076623175713,2.032879275387418,28100.577852505627,0.0,2.358423257134569,2.358423257134569,0.0,2.141746456197676,2.141746456197676,0.0,4.5001697133322445,4.5001697133322445,28100.577852505627,-1.500564400294928e-05,-1.500564400294928e-05,-0.00010007625780518377,-0.00010007625780518377,-0.00011508190180813306,-0.00011508190180813306,-0.000124,1,0,7.117291361400482,0.0,91.33333333333333,38.0,32.0,412.0,38.0,0.0,411.99999999999994,411.99999999999994,452.3893421169302,0.0031372353822255914,0.0031372353822255914,0.0,0.0,0.0,0.0,0.0,0.0,0.0,228.22899931529452,2659454663.7610617,11991895.493775764,11652571.197085563,25.0,3.9375,-3.8378812500000006,0.0,0.0,0.0,-0.00011667227855788852,1.769666495625081,12413320.920382932,0.0,25.234782837779534,2,0.0,23.905610881737992,3.185399692125146,11.81286375101313,78.35017667894722,0.0003272968153427375,0.0,111.69023531380587,0.00028610169654070833,0.0008666021462043044,278.75501815426145,411.99999999999994,452.3893421169302,39091.58235983206,34300.0,452.3893421169302,0.0,12.0,0.013189193647723913,98.0,34300.0,452.3893421169302,0.0,12.0,0.013189193647723913,98.0,128.12915605278167,0.0,0.0,0.0,191.7,111.66249107878035
46,6274,24,12-20-00,5,10.1002/suco.201200016,"Cracking of RC members revisited: influence of cover, ⌀/ρs,ef and stirrup spacing - an experimental and theoretical study",2013,Structural Concrete,Spain,Polytechnic University of Madrid,Structures Laboratory,"Alejandro Pérez Caldentey, Hugo Corres Peiretti, Joan Peset Iribarren, Alejandro Giraldo Soto",5220.0,3420.0,3420.0,3420.0,450.0,350,"[3,0]","[3,33]",65.0,[0],2,22.326999999999998,"2,150x150x150,1]","[7,28]",1.5637532887595522,"[0,0,0]",[0],28100.577852505627,"[0,0,0]",[0],"[1,3,0,0,0.55,0,0,Plastifier MPOZZOLITH 472N,0]",200000.0,2,500.0,[12],[412],[4],[32],[0],[0],0.0,0.0,0,0,0.0,0.0,0.0,0,0,[0],[0],[0],[0],[0],1,2,1,2,2,1,124.0,1,0.0,63.66211875,280.9825605259792,28,1,0.0,0,0,0,18,0.254,0.0,0.449,191.7,0.0,0,-1,1,-1,-1,157500.0,452.3893421169302,3,0.3,CR,22.326999999999998,1.0,14.326999999999998,26.9,1.769666495625081,2.1793905094750547,1.925803017183297,2.3005664443126053,2.032879275387418,2.8332076623175713,2.032879275387418,28100.577852505627,0.0,2.358423257134569,2.358423257134569,0.0,2.141746456197676,2.141746456197676,0.0,4.5001697133322445,4.5001697133322445,28100.577852505627,-1.500564400294928e-05,-1.500564400294928e-05,-0.00010007625780518377,-0.00010007625780518377,-0.00011508190180813306,-0.00011508190180813306,-0.000124,1,0,7.117291361400482,0.0,91.33333333333333,38.0,32.0,412.0,38.0,0.0,411.99999999999994,411.99999999999994,452.3893421169302,0.0031372353822255914,0.0031372353822255914,0.0,0.0,0.0,0.0,0.0,0.0,0.0,228.22899931529452,2659454663.7610617,11991895.493775764,11652571.197085563,25.0,3.9375,-3.8378812500000006,0.0,0.0,0.0,-0.00011667227855788852,1.769666495625081,12413320.920382932,0.0,25.234782837779534,2,0.0,23.905610881737992,3.185399692125146,11.81286375101313,78.35017667894722,0.00042818539882927265,0.0,98.33516268274485,0.00044044570052316116,0.0015751157713673138,364.68069051956354,411.99999999999994,452.3893421169302,34417.3069389607,34300.0,452.3893421169302,0.0,12.0,0.013189193647723913,98.0,34300.0,452.3893421169302,0.0,12.0,0.013189193647723913,98.0,128.12915605278167,0.0,0.0,0.0,191.7,111.66249107878035
56,6284,24,12-20-00,5,10.1002/suco.201200016,"Cracking of RC members revisited: influence of cover, ⌀/ρs,ef and stirrup spacing - an experimental and theoretical study",2013,Structural Concrete,Spain,Polytechnic University of Madrid,Structures Laboratory,"Alejandro Pérez Caldentey, Hugo Corres Peiretti, Joan Peset Iribarren, Alejandro Giraldo Soto",5220.0,3420.0,3420.0,3420.0,450.0,350,"[3,0]","[3,33]",65.0,[0],2,22.326999999999998,"2,150x150x150,1]","[7,28]",1.5637532887595522,"[0,0,0]",[0],28100.577852505627,"[0,0,0]",[0],"[1,3,0,0,0.55,0,0,Plastifier MPOZZOLITH 472N,0]",200000.0,2,500.0,[12],[412],[4],[32],[0],[0],0.0,0.0,0,0,0.0,0.0,0.0,0,0,[0],[0],[0],[0],[0],1,2,1,2,2,2,124.0,1,0.0,63.66211875,268.23275482053407,28,1,0.0,0,0,0,18,0.243,0.0,0.41,0.0,0.0,0,-1,1,-1,-1,157500.0,452.3893421169302,3,0.3,CR,22.326999999999998,1.0,14.326999999999998,26.9,1.769666495625081,2.1793905094750547,1.925803017183297,2.3005664443126053,2.032879275387418,2.8332076623175713,2.032879275387418,28100.577852505627,0.0,2.358423257134569,2.358423257134569,0.0,2.141746456197676,2.141746456197676,0.0,4.5001697133322445,4.5001697133322445,28100.577852505627,-1.500564400294928e-05,-1.500564400294928e-05,-0.00010007625780518377,-0.00010007625780518377,-0.00011508190180813306,-0.00011508190180813306,-0.000124,1,0,7.117291361400482,0.0,91.33333333333333,38.0,32.0,412.0,38.0,0.0,411.99999999999994,411.99999999999994,452.3893421169302,0.0031372353822255914,0.0031372353822255914,0.0,0.0,0.0,0.0,0.0,0.0,0.0,228.22899931529452,2659454663.7610617,11991895.493775764,11652571.197085563,25.0,3.9375,-3.8378812500000006,0.0,0.0,0.0,-0.00011667227855788852,1.769666495625081,12413320.920382932,0.0,25.234782837779534,2,0.0,23.905610881737992,3.185399692125146,11.81286375101313,78.35017667894722,0.00042818539882927265,0.0,100.27810743410936,0.00043144023000494034,0.0015046563764232752,364.68069051956354,411.99999999999994,452.3893421169302,35097.33760193828,34300.0,452.3893421169302,0.0,12.0,0.013189193647723913,98.0,34300.0,452.3893421169302,0.0,12.0,0.013189193647723913,98.0,128.12915605278167,0.0,0.0,0.0,191.7,111.66249107878035
64,6330,24,12-70-00,3,10.1002/suco.201200016,"Cracking of RC members revisited: influence of cover, ⌀/ρs,ef and stirrup spacing - an experimental and theoretical study",2013,Structural Concrete,Spain,Polytechnic University of Madrid,Structures Laboratory,"Alejandro Pérez Caldentey, Hugo Corres Peiretti, Joan Peset Iribarren, Alejandro Giraldo Soto",5220.0,3420.0,3420.0,3420.0,450.0,350,"[3,0]","[3,123]",65.0,[0],2,22.326999999999998,"2,150x150x150,1]","[7,28]",1.6533490297710507,"[0,0,0]",[0],28100.577852505627,"[0,0,0]",[0],"[1,3,0,0,0.55,0,0,Plastifier MPOZZOLITH 472N,0]",200000.0,2,500.0,[12],[362],[4],[82],[0],[0],0.0,0.0,0,0,0.0,0.0,0.0,0,0,[0],[0],[0],[0],[0],1,2,1,2,2,1,100.0,1,0.0,41.16211875,203.36745163731052,28,1,0.0,0,0,0,9,0.306,0.0,0.408,0.0,0.0,0,-1,1,-1,-1,157500.0,452.3893421169302,3,0.3,CR,22.326999999999998,1.0,14.326999999999998,26.9,1.769666495625081,2.1793905094750547,2.03614251229866,2.3005664443126053,2.149353738702366,2.8332076623175713,2.149353738702366,28100.577852505627,0.0,2.358423257134569,2.358423257134569,0.0,2.141746456197676,2.141746456197676,0.0,4.5001697133322445,4.5001697133322445,28100.577852505627,-1.500564400294928e-05,-1.500564400294928e-05,-0.00010007625780518377,-0.00010007625780518377,-0.00011508190180813306,-0.00011508190180813306,-9.999999999999999e-05,1,0,7.117291361400482,0.0,58.0,88.0,82.0,362.0,88.0,0.0,362.0,362.0,452.3893421169302,0.0035705551864003964,0.0035705551864003964,0.0,0.0,0.0,0.0,0.0,0.0,0.0,227.36563051441365,2658693902.7175884,11941974.228241142,11693473.181070974,25.0,3.9375,-3.8378812500000006,0.0,0.0,0.0,-9.586067352548557e-05,1.769666495625081,12167289.797544647,0.0,26.151809816227743,2,0.0,24.77433601623841,3.185399692125146,11.81286375101313,72.928483223998,0.0003398821762723977,0.0,91.28924632646408,0.0003428984836282588,0.0013473807534343523,269.4427523425032,362.0,452.3893421169302,31951.23621426243,42000.0,452.3893421169302,0.0,12.0,0.010771174812307861,120.0,42000.0,452.3893421169302,0.0,12.0,0.010771174812307861,120.0,163.61157567134532,0.0,0.0,0.0,1000.0,144.56354564887343
68,6334,24,12-70-00,3,10.1002/suco.201200016,"Cracking of RC members revisited: influence of cover, ⌀/ρs,ef and stirrup spacing - an experimental and theoretical study",2013,Structural Concrete,Spain,Polytechnic University of Madrid,Structures Laboratory,"Alejandro Pérez Caldentey, Hugo Corres Peiretti, Joan Peset Iribarren, Alejandro Giraldo Soto",5220.0,3420.0,3420.0,3420.0,450.0,350,"[3,0]","[3,123]",65.0,[0],2,22.326999999999998,"2,150x150x150,1]","[7,28]",1.6533490297710507,"[0,0,0]",[0],28100.577852505627,"[0,0,0]",[0],"[1,3,0,0,0.55,0,0,Plastifier MPOZZOLITH 472N,0]",200000.0,2,500.0,[12],[362],[4],[82],[0],[0],0.0,0.0,0,0,0.0,0.0,0.0,0,0,[0],[0],[0],[0],[0],1,2,1,2,2,2,100.0,1,0.0,41.16211875,196.2277346243909,28,1,0.0,0,0,0,9,0.381,0.0,0.478,0.0,0.0,0,-1,1,-1,-1,157500.0,452.3893421169302,3,0.3,CR,22.326999999999998,1.0,14.326999999999998,26.9,1.769666495625081,2.1793905094750547,2.03614251229866,2.3005664443126053,2.149353738702366,2.8332076623175713,2.149353738702366,28100.577852505627,0.0,2.358423257134569,2.358423257134569,0.0,2.141746456197676,2.141746456197676,0.0,4.5001697133322445,4.5001697133322445,28100.577852505627,-1.500564400294928e-05,-1.500564400294928e-05,-0.00010007625780518377,-0.00010007625780518377,-0.00011508190180813306,-0.00011508190180813306,-9.999999999999999e-05,1,0,7.117291361400482,0.0,58.0,88.0,82.0,362.0,88.0,0.0,362.0,362.0,452.3893421169302,0.0035705551864003964,0.0035705551864003964,0.0,0.0,0.0,0.0,0.0,0.0,0.0,227.36563051441365,2658693902.7175884,11941974.228241142,11693473.181070974,25.0,3.9375,-3.8378812500000006,0.0,0.0,0.0,-9.586067352548557e-05,1.769666495625081,12167289.797544647,0.0,26.151809816227743,2,0.0,24.77433601623841,3.185399692125146,11.81286375101313,72.928483223998,0.0003398821762723977,0.0,92.55023137470441,0.00033700014541256784,0.001301570209119297,269.4427523425032,362.0,452.3893421169302,32392.580981146548,42000.0,452.3893421169302,0.0,12.0,0.010771174812307861,120.0,42000.0,452.3893421169302,0.0,12.0,0.010771174812307861,120.0,163.61157567134532,0.0,0.0,0.0,1000.0,144.56354564887343
80,6374,24,25-20-00,11,10.1002/suco.201200016,"Cracking of RC members revisited: influence of cover, ⌀/ρs,ef and stirrup spacing - an experimental and theoretical study",2013,Structural Concrete,Spain,Polytechnic University of Madrid,Structures Laboratory,"Alejandro Pérez Caldentey, Hugo Corres Peiretti, Joan Peset Iribarren, Alejandro Giraldo Soto",5220.0,3420.0,3420.0,3420.0,450.0,350,"[3,0]","[3,43]",65.0,[0],2,22.326999999999998,"2,150x150x150,1]","[7,28]",0.7954074718642337,"[0,0,0]",[0],28100.577852505627,"[0,0,0]",[0],"[1,3,0,0,0.55,0,0,Plastifier MPOZZOLITH 472N,0]",200000.0,2,500.0,[25],[405.5],[4],[32],[0],[0],0.0,0.0,0,0,0.0,0.0,0.0,0,0,[0],[0],[0],[0],[0],1,2,1,2,2,1,168.0,1,0.0,131.16211875,165.8359425086485,28,1,0.0,0,0,0,26,0.144,0.0,0.25,130.8,0.0,0,-1,1,-1,-1,157500.0,1963.4954084936207,3,0.3,CR,22.326999999999998,1.0,14.326999999999998,26.9,1.769666495625081,2.1793905094750547,0.9795650760366291,2.3005664443126053,1.0340297134235037,2.8332076623175713,1.0340297134235037,28100.577852505627,0.0,2.358423257134569,2.358423257134569,0.0,2.141746456197676,2.141746456197676,0.0,4.5001697133322445,4.5001697133322445,28100.577852505627,-1.500564400294928e-05,-1.500564400294928e-05,-0.00010007625780518377,-0.00010007625780518377,-0.00011508190180813306,-0.00011508190180813306,-0.000168,1,0,7.117291361400482,0.0,87.0,44.5,32.0,405.5,44.5,0.0,405.5,405.5,1963.4954084936207,0.013834739534920704,0.013834739534920704,0.0,0.0,0.0,0.0,0.0,0.0,0.0,237.7899155146072,2683576655.3721485,12645848.861894539,11285493.96034963,25.0,3.9375,-3.8378812500000006,0.0,0.0,0.0,-0.00013332957333210226,1.769666495625081,14237842.739720805,0.0,14.722352447922416,2,0.0,13.946893505932179,3.185399692125146,11.81286375101313,144.39727443564362,0.0005168695920229223,0.0,162.67115056318883,0.0005554678456694775,0.0009811324038884114,186.92327783329517,405.5,1963.4954084936207,56934.90269711608,54512.5,1963.4954084936207,0.0,25.0,0.03601917740873416,155.75,54512.5,1963.4954084936207,0.0,25.0,0.03601917740873416,155.75,26.948627570012174,0.0,0.0,0.0,126.3,43.328330915929456
81,6375,24,25-20-00,12,10.1002/suco.201200016,"Cracking of RC members revisited: influence of cover, ⌀/ρs,ef and stirrup spacing - an experimental and theoretical study",2013,Structural Concrete,Spain,Polytechnic University of Madrid,Structures Laboratory,"Alejandro Pérez Caldentey, Hugo Corres Peiretti, Joan Peset Iribarren, Alejandro Giraldo Soto",5220.0,3420.0,3420.0,3420.0,450.0,350,"[3,0]","[3,43]",65.0,[0],2,22.326999999999998,"2,150x150x150,1]","[7,28]",0.7954074718642337,"[0,0,0]",[0],28100.577852505627,"[0,0,0]",[0],"[1,3,0,0,0.55,0,0,Plastifier MPOZZOLITH 472N,0]",200000.0,2,500.0,[25],[405.5],[4],[32],[0],[0],0.0,0.0,0,0,0.0,0.0,0.0,0,0,[0],[0],[0],[0],[0],1,2,1,2,2,1,168.0,1,0.0,191.16211875,259.8918636493177,28,1,0.0,0,0,0,27,0.211,0.0,0.363,126.3,0.0,0,-1,1,-1,-1,157500.0,1963.4954084936207,3,0.3,CR,22.326999999999998,1.0,14.326999999999998,26.9,1.769666495625081,2.1793905094750547,0.9795650760366291,2.3005664443126053,1.0340297134235037,2.8332076623175713,1.0340297134235037,28100.577852505627,0.0,2.358423257134569,2.358423257134569,0.0,2.141746456197676,2.141746456197676,0.0,4.5001697133322445,4.5001697133322445,28100.577852505627,-1.500564400294928e-05,-1.500564400294928e-05,-0.00010007625780518377,-0.00010007625780518377,-0.00011508190180813306,-0.00011508190180813306,-0.000168,1,0,7.117291361400482,0.0,87.0,44.5,32.0,405.5,44.5,0.0,405.5,405.5,1963.4954084936207,0.013834739534920704,0.013834739534920704,0.0,0.0,0.0,0.0,0.0,0.0,0.0,237.7899155146072,2683576655.3721485,12645848.861894539,11285493.96034963,25.0,3.9375,-3.8378812500000006,0.0,0.0,0.0,-0.00013332957333210226,1.769666495625081,14237842.739720805,0.0,14.722352447922416,2,0.0,13.946893505932179,3.185399692125146,11.81286375101313,144.39727443564362,0.0007533111486013558,0.0,164.6522251551784,0.0008883572554730297,0.001539552629049358,272.43117277188406,405.5,1963.4954084936207,57628.27880431243,54512.5,1963.4954084936207,0.0,25.0,0.03601917740873416,155.75,54512.5,1963.4954084936207,0.0,25.0,0.03601917740873416,155.75,26.948627570012174,0.0,0.0,0.0,126.3,43.328330915929456
95,6389,24,25-20-00,11,10.1002/suco.201200016,"Cracking of RC members revisited: influence of cover, ⌀/ρs,ef and stirrup spacing - an experimental and theoretical study",2013,Structural Concrete,Spain,Polytechnic University of Madrid,Structures Laboratory,"Alejandro Pérez Caldentey, Hugo Corres Peiretti, Joan Peset Iribarren, Alejandro Giraldo Soto",5220.0,3420.0,3420.0,3420.0,450.0,350,"[3,0]","[3,43]",65.0,[0],2,22.326999999999998,"2,150x150x150,1]","[7,28]",0.7954074718642337,"[0,0,0]",[0],28100.577852505627,"[0,0,0]",[0],"[1,3,0,0,0.55,0,0,Plastifier MPOZZOLITH 472N,0]",200000.0,2,500.0,[25],[405.5],[4],[32],[0],[0],0.0,0.0,0,0,0.0,0.0,0.0,0,0,[0],[0],[0],[0],[0],1,2,1,2,2,2,168.0,1,0.0,131.16211875,164.01849270834177,28,1,0.0,0,0,0,26,0.148,0.0,0.287,0.0,0.0,0,-1,1,-1,-1,157500.0,1963.4954084936207,3,0.3,CR,22.326999999999998,1.0,14.326999999999998,26.9,1.769666495625081,2.1793905094750547,0.9795650760366291,2.3005664443126053,1.0340297134235037,2.8332076623175713,1.0340297134235037,28100.577852505627,0.0,2.358423257134569,2.358423257134569,0.0,2.141746456197676,2.141746456197676,0.0,4.5001697133322445,4.5001697133322445,28100.577852505627,-1.500564400294928e-05,-1.500564400294928e-05,-0.00010007625780518377,-0.00010007625780518377,-0.00011508190180813306,-0.00011508190180813306,-0.000168,1,0,7.117291361400482,0.0,87.0,44.5,32.0,405.5,44.5,0.0,405.5,405.5,1963.4954084936207,0.013834739534920704,0.013834739534920704,0.0,0.0,0.0,0.0,0.0,0.0,0.0,237.7899155146072,2683576655.3721485,12645848.861894539,11285493.96034963,25.0,3.9375,-3.8378812500000006,0.0,0.0,0.0,-0.00013332957333210226,1.769666495625081,14237842.739720805,0.0,14.722352447922416,2,0.0,13.946893505932179,3.185399692125146,11.81286375101313,144.39727443564362,0.0005168695920229223,0.0,163.16628742964056,0.000552178403928333,0.0009706869237202955,186.92327783329517,405.5,1963.4954084936207,57108.200600374184,54512.5,1963.4954084936207,0.0,25.0,0.03601917740873416,155.75,54512.5,1963.4954084936207,0.0,25.0,0.03601917740873416,155.75,26.948627570012174,0.0,0.0,0.0,126.3,43.328330915929456
96,6390,24,25-20-00,12,10.1002/suco.201200016,"Cracking of RC members revisited: influence of cover, ⌀/ρs,ef and stirrup spacing - an experimental and theoretical study",2013,Structural Concrete,Spain,Polytechnic University of Madrid,Structures Laboratory,"Alejandro Pérez Caldentey, Hugo Corres Peiretti, Joan Peset Iribarren, Alejandro Giraldo Soto",5220.0,3420.0,3420.0,3420.0,450.0,350,"[3,0]","[3,43]",65.0,[0],2,22.326999999999998,"2,150x150x150,1]","[7,28]",0.7954074718642337,"[0,0,0]",[0],28100.577852505627,"[0,0,0]",[0],"[1,3,0,0,0.55,0,0,Plastifier MPOZZOLITH 472N,0]",200000.0,2,500.0,[25],[405.5],[4],[32],[0],[0],0.0,0.0,0,0,0.0,0.0,0.0,0,0,[0],[0],[0],[0],[0],1,2,1,2,2,2,168.0,1,0.0,191.16211875,258.81493793467826,28,1,0.0,0,0,0,27,0.229,0.0,0.43,0.0,0.0,0,-1,1,-1,-1,157500.0,1963.4954084936207,3,0.3,CR,22.326999999999998,1.0,14.326999999999998,26.9,1.769666495625081,2.1793905094750547,0.9795650760366291,2.3005664443126053,1.0340297134235037,2.8332076623175713,1.0340297134235037,28100.577852505627,0.0,2.358423257134569,2.358423257134569,0.0,2.141746456197676,2.141746456197676,0.0,4.5001697133322445,4.5001697133322445,28100.577852505627,-1.500564400294928e-05,-1.500564400294928e-05,-0.00010007625780518377,-0.00010007625780518377,-0.00011508190180813306,-0.00011508190180813306,-0.000168,1,0,7.117291361400482,0.0,87.0,44.5,32.0,405.5,44.5,0.0,405.5,405.5,1963.4954084936207,0.013834739534920704,0.013834739534920704,0.0,0.0,0.0,0.0,0.0,0.0,0.0,237.7899155146072,2683576655.3721485,12645848.861894539,11285493.96034963,25.0,3.9375,-3.8378812500000006,0.0,0.0,0.0,-0.00013332957333210226,1.769666495625081,14237842.739720805,0.0,14.722352447922416,2,0.0,13.946893505932179,3.185399692125146,11.81286375101313,144.39727443564362,0.0007533111486013558,0.0,164.83233565039686,0.0008863066593569128,0.0015333520510342998,272.43117277188406,405.5,1963.4954084936207,57691.31747763891,54512.5,1963.4954084936207,0.0,25.0,0.03601917740873416,155.75,54512.5,1963.4954084936207,0.0,25.0,0.03601917740873416,155.75,26.948627570012174,0.0,0.0,0.0,126.3,43.328330915929456
104,6430,24,25-70-00,5,10.1002/suco.201200016,"Cracking of RC members revisited: influence of cover, ⌀/ρs,ef and stirrup spacing - an experimental and theoretical study",2013,Structural Concrete,Spain,Polytechnic University of Madrid,Structures Laboratory,"Alejandro Pérez Caldentey, Hugo Corres Peiretti, Joan Peset Iribarren, Alejandro Giraldo Soto",5220.0,3420.0,3420.0,3420.0,450.0,350,"[3,0]","[3,46]",65.0,[0],2,22.326999999999998,"2,150x150x150,1]","[7,28]",1.153178931852386,"[0,0,0]",[0],28100.577852505627,"[0,0,0]",[0],"[1,3,0,0,0.55,0,0,Plastifier MPOZZOLITH 472N,0]",200000.0,2,500.0,[25],[355.5],[4],[82],[0],[0],0.0,0.0,0,0,0.0,0.0,0.0,0,0,[0],[0],[0],[0],[0],1,2,1,2,2,1,145.0,1,0.0,146.16211875,229.74419622377877,28,1,0.0,0,0,0,16,0.327,0.0,0.57,228.0,0.0,0,-1,1,-1,-1,157500.0,1963.4954084936207,3,0.3,CR,22.326999999999998,1.0,14.326999999999998,26.9,1.769666495625081,2.1793905094750547,1.4201699732795978,2.3005664443126053,1.4991326114081018,2.8332076623175713,1.4991326114081018,28100.577852505627,0.0,2.358423257134569,2.358423257134569,0.0,2.141746456197676,2.141746456197676,0.0,4.5001697133322445,4.5001697133322445,28100.577852505627,-1.500564400294928e-05,-1.500564400294928e-05,-0.00010007625780518377,-0.00010007625780518377,-0.00011508190180813306,-0.00011508190180813306,-0.000145,1,0,7.117291361400482,0.0,53.666666666666664,94.5,82.0,355.5,94.5,0.0,355.5,355.5,1963.4954084936207,0.015780553815500267,0.015780553815500267,0.0,0.0,0.0,0.0,0.0,0.0,0.0,234.2470026296744,2671279861.5772285,12381194.672313891,11403688.54922044,25.0,3.9375,-3.8378812500000006,0.0,0.0,0.0,-0.00012306139193974885,1.769666495625081,13199691.846744016,0.0,19.788088507991585,2,0.0,18.745806017289375,3.185399692125146,11.81286375101313,133.22803857375328,0.0007171317202699077,0.0,150.49621297952896,0.0008432925066465208,0.0016782435538160291,239.28637811046065,355.5,1963.4954084936207,52673.67454283515,76825.0,1963.4954084936207,0.0,25.0,0.02555802679458016,219.5,76825.0,1963.4954084936207,0.0,25.0,0.02555802679458016,219.5,52.17436136694566,0.0,0.0,0.0,228.0,88.52898028880112
112,6438,24,25-70-00,5,10.1002/suco.201200016,"Cracking of RC members revisited: influence of cover, ⌀/ρs,ef and stirrup spacing - an experimental and theoretical study",2013,Structural Concrete,Spain,Polytechnic University of Madrid,Structures Laboratory,"Alejandro Pérez Caldentey, Hugo Corres Peiretti, Joan Peset Iribarren, Alejandro Giraldo Soto",5220.0,3420.0,3420.0,3420.0,450.0,350,"[3,0]","[3,46]",65.0,[0],2,22.326999999999998,"2,150x150x150,1]","[7,28]",1.153178931852386,"[0,0,0]",[0],28100.577852505627,"[0,0,0]",[0],"[1,3,0,0,0.55,0,0,Plastifier MPOZZOLITH 472N,0]",200000.0,2,500.0,[25],[355.5],[4],[82],[0],[0],0.0,0.0,0,0,0.0,0.0,0.0,0,0,[0],[0],[0],[0],[0],1,2,1,2,2,2,145.0,1,0.0,146.16211875,229.47296983835113,28,1,0.0,0,0,0,15,0.475,0.0,0.748,0.0,0.0,0,-1,1,-1,-1,157500.0,1963.4954084936207,3,0.3,CR,22.326999999999998,1.0,14.326999999999998,26.9,1.769666495625081,2.1793905094750547,1.4201699732795978,2.3005664443126053,1.4991326114081018,2.8332076623175713,1.4991326114081018,28100.577852505627,0.0,2.358423257134569,2.358423257134569,0.0,2.141746456197676,2.141746456197676,0.0,4.5001697133322445,4.5001697133322445,28100.577852505627,-1.500564400294928e-05,-1.500564400294928e-05,-0.00010007625780518377,-0.00010007625780518377,-0.00011508190180813306,-0.00011508190180813306,-0.000145,1,0,7.117291361400482,0.0,53.666666666666664,94.5,82.0,355.5,94.5,0.0,355.5,355.5,1963.4954084936207,0.015780553815500267,0.015780553815500267,0.0,0.0,0.0,0.0,0.0,0.0,0.0,234.2470026296744,2671279861.5772285,12381194.672313891,11403688.54922044,25.0,3.9375,-3.8378812500000006,0.0,0.0,0.0,-0.00012306139193974885,1.769666495625081,13199691.846744016,0.0,19.788088507991585,2,0.0,18.745806017289375,3.185399692125146,11.81286375101313,133.22803857375328,0.0007171317202699077,0.0,150.53872539366776,0.000842709640104319,0.001676371991916029,239.28637811046065,355.5,1963.4954084936207,52688.55388778371,76825.0,1963.4954084936207,0.0,25.0,0.02555802679458016,219.5,76825.0,1963.4954084936207,0.0,25.0,0.02555802679458016,219.5,52.17436136694566,0.0,0.0,0.0,228.0,88.52898028880112
154,6564,27,16-70T,4,0,Cracking of RC: Tension vs. Flexure,2018,0,Spain,Technical University of Madrid,Structures Laboratory of the Civil Engineering School,"Roberto García, Alejandro Pérez Caldentey",5000.0,5000.0,5000.0,5000.0,450.0,350,"[3,0]","[3,35]",65.0,[0],2,27.315299999999997,"[2,150x150x150,1]",[0],1.9102328975439498,"[0,0,0]",[0],31450.0,"[0,0,0]",[0],"[2,3,8,1,0.55,20,0,0,0]",200000.0,2,500.0,"[16,12,16]","[90,225,360]","[4,2,4]","[32,34,32]",[0],[0],0.0,0.0,0,0,0.0,0.0,0.0,0,0,[0],[0],[0],[0],[0],1,1a,1,2,2,2,115.0,1,356.1133502920788,0.0,191.28672018221505,38,1,0.0,0,0,0,0,0.335,0.0,0.45,0.0,0.0,2,-1,-1,-1,-1,157500.0,1834.690109696439,3,0.3,CR,27.315299999999997,1.0,19.315299999999997,32.91,2.159677448151458,2.6596991838092436,2.3525017047485064,2.8075806825968956,2.483302766807135,3.457608938952017,2.483302766807135,31450.0,0.0,2.1022260028116153,2.1022260028116153,0.0,1.691866123522975,1.691866123522975,0.0,3.7940921263345904,3.7940921263345904,31450.0,-2.3270734761686995e-05,-2.3270734761686995e-05,-0.00011113465787450328,-0.00011113465787450328,-0.00013440539263619028,-0.00013440539263619028,-0.00011499999999999999,1,0,6.359300476947536,0.0,90.0,90.0,82.0,90.0,40.0,0.0,225.0,0.0,0.0,0.011648826093310725,0.011648826093310725,0.0,0.0,0.0,0.0,0.0,0.0,0.0,225.0,2657812500.0,11812500.0,11812500.0,25.0,3.9375,0.0,0.0,0.0,0.0,-0.00010706853575174853,2.159677448151458,11812500.0,415.53764657886785,0.0,1,319.644343522206,0.0,3.8874194066726244,13.06601029388849,0.0,0.0,0.0,0.0,0.0,0.0,194.1,225.0,1834.690109696439,0.0,157500.0,1834.690109696439,0.0,15.368421052631579,0.011648826093310725,160.0,157500.0,1834.690109696439,0.0,15.368421052631579,0.011648826093310725,160.0,174.2225250100101,0.0,0.0,0.0,233.53,162.07350310085485
155,6565,27,16-70T,5,0,Cracking of RC: Tension vs. Flexure,2018,0,Spain,Technical University of Madrid,Structures Laboratory of the Civil Engineering School,"Roberto García, Alejandro Pérez Caldentey",5000.0,5000.0,5000.0,5000.0,450.0,350,"[3,0]","[3,35]",65.0,[0],2,27.315299999999997,"[2,150x150x150,1]",[0],1.9102328975439498,"[0,0,0]",[0],31450.0,"[0,0,0]",[0],"[2,3,8,1,0.55,20,0,0,0]",200000.0,2,500.0,"[16,12,16]","[90,225,360]","[4,2,4]","[32,34,32]",[0],[0],0.0,0.0,0,0,0.0,0.0,0.0,0,0,[0],[0],[0],[0],[0],1,1a,1,2,2,2,115.0,1,495.7332676399778,0.0,269.80936717802416,38,1,0.0,0,0,0,0,0.369,0.0,0.551,233.53,0.0,2,-1,-1,-1,-1,157500.0,1834.690109696439,3,0.3,CR,27.315299999999997,1.0,19.315299999999997,32.91,2.159677448151458,2.6596991838092436,2.3525017047485064,2.8075806825968956,2.483302766807135,3.457608938952017,2.483302766807135,31450.0,0.0,2.1022260028116153,2.1022260028116153,0.0,1.691866123522975,1.691866123522975,0.0,3.7940921263345904,3.7940921263345904,31450.0,-2.3270734761686995e-05,-2.3270734761686995e-05,-0.00011113465787450328,-0.00011113465787450328,-0.00013440539263619028,-0.00013440539263619028,-0.00011499999999999999,1,0,6.359300476947536,0.0,90.0,90.0,82.0,90.0,40.0,0.0,225.0,0.0,0.0,0.011648826093310725,0.011648826093310725,0.0,0.0,0.0,0.0,0.0,0.0,0.0,225.0,2657812500.0,11812500.0,11812500.0,25.0,3.9375,0.0,0.0,0.0,0.0,-0.00010706853575174853,2.159677448151458,11812500.0,415.53764657886785,0.0,2,319.644343522206,0.0,3.8874194066726244,13.06601029388849,0.0,0.0,0.0,0.0,0.0,0.0,270.2,225.0,1834.690109696439,0.0,157500.0,1834.690109696439,0.0,15.368421052631579,0.011648826093310725,160.0,157500.0,1834.690109696439,0.0,15.368421052631579,0.011648826093310725,160.0,174.2225250100101,0.0,0.0,0.0,233.53,162.07350310085485
161,6571,27,25-20T,6,0,Cracking of RC: Tension vs. Flexure,2018,0,Spain,Technical University of Madrid,Structures Laboratory of the Civil Engineering School,"Roberto García, Alejandro Pérez Caldentey",5000.0,5000.0,5000.0,5000.0,450.0,350,"[3,0]","[3,66]",65.0,[0],2,34.6774,"[2,150x150x150,1]",[0],2.085420570362679,"[0,0,0]",[0],33784.0,"[0,0,0]",[0],"[2,3,8,1,0.55,20,0,0,0]",200000.0,2,500.0,"[25,12,25]","[44.5,225,405.5]","[4,2,4]","[32,38.5,32]",[0],[0],0.0,0.0,0,0,0.0,0.0,0.0,0,0,[0],[0],[0],[0],[0],1,1a,1,2,2,2,130.0,1,1043.695513145886,0.0,239.1498613701006,69,1,0.0,0,0,0,0,0.148,0.0,0.31,0.0,0.0,2,-1,-1,-1,-1,157500.0,4153.185488045707,3,0.3,CR,34.6774,1.0,26.6774,41.78,2.678450276836021,3.298581471632245,2.5682498993727707,3.4819853598868273,2.7110467414714825,4.288155913121918,2.7110467414714825,33784.0,0.0,1.8685304899187631,1.8685304899187631,0.0,1.3154796348865816,1.3154796348865816,0.0,3.1840101248053445,3.1840101248053445,33784.0,-3.946364786105062e-05,-3.946364786105062e-05,-0.00013819336098891906,-0.00013819336098891906,-0.00017765700884996968,-0.00017765700884996968,-0.00013,1,0,5.919962112242482,0.0,87.0,44.5,32.0,44.5,44.5,0.0,224.99999999999997,0.0,0.0,0.02636943167013147,0.02636943167013147,0.0,0.0,0.0,0.0,0.0,0.0,0.0,225.0,2657812500.0,11812500.0,11812500.0,25.0,3.9375,0.0,0.0,0.0,0.0,-0.00011244643303121767,2.678450276836021,11812500.0,482.38607670704846,0.0,2,371.06621285157576,0.0,4.821210498304838,14.721879975057533,0.0,0.0,0.0,0.0,0.0,0.0,251.29999999999998,224.99999999999997,4153.185488045707,0.0,157500.0,4153.185488045707,0.0,23.607142857142858,0.02636943167013147,155.75,157500.0,4153.185488045707,0.0,23.607142857142858,0.02636943167013147,155.75,89.34496518868028,0.0,0.0,0.0,1000.0,96.81000143917942
162,6572,27,25-20T,7,0,Cracking of RC: Tension vs. Flexure,2018,0,Spain,Technical University of Madrid,Structures Laboratory of the Civil Engineering School,"Roberto García, Alejandro Pérez Caldentey",5000.0,5000.0,5000.0,5000.0,450.0,350,"[3,0]","[3,66]",65.0,[0],2,34.6774,"[2,150x150x150,1]",[0],2.085420570362679,"[0,0,0]",[0],33784.0,"[0,0,0]",[0],"[2,3,8,1,0.55,20,0,0,0]",200000.0,2,500.0,"[25,12,25]","[44.5,225,405.5]","[4,2,4]","[32,38.5,32]",[0],[0],0.0,0.0,0,0,0.0,0.0,0.0,0,0,[0],[0],[0],[0],[0],1,1a,1,2,2,2,130.0,1,1332.3419045650628,0.0,308.81984397116963,69,1,0.0,0,0,0,0,0.15,0.0,0.384,0.0,0.0,2,-1,-1,-1,-1,157500.0,4153.185488045707,3,0.3,CR,34.6774,1.0,26.6774,41.78,2.678450276836021,3.298581471632245,2.5682498993727707,3.4819853598868273,2.7110467414714825,4.288155913121918,2.7110467414714825,33784.0,0.0,1.8685304899187631,1.8685304899187631,0.0,1.3154796348865816,1.3154796348865816,0.0,3.1840101248053445,3.1840101248053445,33784.0,-3.946364786105062e-05,-3.946364786105062e-05,-0.00013819336098891906,-0.00013819336098891906,-0.00017765700884996968,-0.00017765700884996968,-0.00013,1,0,5.919962112242482,0.0,87.0,44.5,32.0,44.5,44.5,0.0,224.99999999999997,0.0,0.0,0.02636943167013147,0.02636943167013147,0.0,0.0,0.0,0.0,0.0,0.0,0.0,225.0,2657812500.0,11812500.0,11812500.0,25.0,3.9375,0.0,0.0,0.0,0.0,-0.00011244643303121767,2.678450276836021,11812500.0,482.38607670704846,0.0,2,371.06621285157576,0.0,4.821210498304838,14.721879975057533,0.0,0.0,0.0,0.0,0.0,0.0,320.8,224.99999999999997,4153.185488045707,0.0,157500.0,4153.185488045707,0.0,23.607142857142858,0.02636943167013147,155.75,157500.0,4153.185488045707,0.0,23.607142857142858,0.02636943167013147,155.75,89.34496518868028,0.0,0.0,0.0,1000.0,96.81000143917942
